Year,UMCSENT,Overall CPI,Food,Shelter,Apparel,Core CPI,Gasoline (all types),Electricity,Natural Gas,Commodities Less Food and Energy Commodities,New Vehicles,Medical Care Commodities,Services Less Energy Services,Medical Care services
1/1/80,67,6.212664277,11.52,8.8365243,6.608695652,6.297229219,6.825396825,6.175298805,8.72600349,11.33333333,6.48011782,5.503355705,8.186195827,8.163265306
2/1/80,66.9,6.40569395,12.40063593,9.037900875,5.363321799,6.598984772,8.069620253,5.189620758,9.417808219,11.18421053,7.352941176,5.227882038,8.26709062,8.614864865
3/1/80,56.5,7.233502538,12.93375394,9.496402878,4.288164666,6.64160401,9.89010989,4.2,8.754208754,11.06290672,8.017492711,5.361930295,8.68878357,8.89261745
4/1/80,52.7,7.230392157,12.20657277,9.490084986,5.102040816,6.683168317,12.61682243,4.780876494,8.333333333,11.3490364,8.248914616,5.361930295,8.805031447,8.833333333
5/1/80,51.7,7.358262967,11.47286822,9.636871508,4.713804714,6.748466258,17.46522411,4.142011834,7.224958949,11.205074,8.309455587,5.312084993,9.0625,8.774834437
6/1/80,58.7,7.875,10.73619632,9.766162311,5.333333333,6.748466258,21.59264931,2.729044834,10.20733652,11.22881356,8.522727273,5.408970976,9.175738725,9.031198686
7/1/80,62.3,8.009708738,10.65449011,10,6.589785832,7.080745342,27.24505327,7.485604607,11.58730159,11.44067797,8.757062147,5.533596838,9.133126935,8.780487805
8/1/80,67.3,9.056122449,10.90909091,10.5047749,3.915171289,7.248157248,32.07261725,10.03787879,13.07814992,11.81434599,9.014084507,5.665349144,9.413580247,8.695652174
9/1/80,73.7,9.07960199,10.22556391,10.86956522,3.703703704,7.151515152,35.77844311,11.09022556,12.44019139,11.22661123,8.926080893,5.80474934,9.677419355,8.931419458
10/1/80,75,9.457755359,9.98509687,11.18598383,5.25477707,7.322929172,38.93016345,12.94559099,11.91626409,10.82164329,7.340720222,5.736636245,10.07633588,8.846761453
11/1/80,76.7,10.4,10.08902077,12.04819277,5.529225908,7.52688172,38.9380531,14.86988848,16.7218543,11.15618661,6.189821183,5.498721228,10.60606061,8.620689655
12/1/80,64.5,12.40544629,10.19202363,13.31557923,6.771653543,8.413461538,39.11764706,10.82568807,15.56291391,12,7.260273973,5.576679341,11.74698795,9.233176839
1/1/81,71.4,11.65048544,9.370424597,13.87434555,9.21875,8.913308913,40.49707602,11.23188406,14.59016393,12.52446184,6.976744186,5.778894472,12.2754491,9.00621118
2/1/81,66.9,11.77266576,8.104196816,14.15701416,7.550077042,9.234507898,46.52173913,11.19005329,14.95934959,12.08576998,7.734056988,5.867665418,12.92719168,9.677419355
3/1/81,66.5,13.30409357,7.163323782,14.41326531,5.801526718,9.188544153,52.01149425,13.03602058,14.58333333,11.60541586,8.333333333,6.351183064,13.60946746,10.82317073
4/1/81,72.4,14.39393939,7.223796034,14.93670886,8.14479638,9.608540925,51.28205128,13.22580645,16.50793651,11.60541586,7.057256991,6.658446363,14.55882353,11.17824773
5/1/81,76.3,13.95007342,6.993006993,15.30740276,8.494783905,10.03541913,47.45762712,12.5382263,14.3525741,11.38059701,7.265521797,6.84596577,15.35087719,11.22754491
6/1/81,73.1,14.43768997,7.192254495,15.625,8.823529412,10.41420118,40.89635854,10.42857143,16.89088191,11.55963303,8.13648294,7.1863581,15.84302326,11.12759644
7/1/81,74.1,15.89403974,7.113543092,16.52173913,9.420289855,10.85918854,35.27777778,14.05405405,15.58823529,11.51079137,7.571801567,7.533414338,16.49782923,10.55718475
8/1/81,77.2,13.79844961,8.401084011,13.93034826,7.132667618,9.669811321,30.81155433,14.78599222,16.32653061,11.09123435,8.04150454,7.785888078,14.24460432,10.28985507
9/1/81,73.1,13.04347826,9.517426273,12.73176761,6.329113924,9.122401848,26.97547684,14.21383648,15.07246377,11.69284468,9.536082474,7.926829268,12.87553648,10.01430615
10/1/81,70.3,14.17069243,10.10638298,11.90184049,7.883817427,9.288990826,24.69635628,15.0872818,13.4502924,12.28956229,8.95140665,7.980652963,12.51778094,9.88700565
11/1/81,62.5,14.0600316,10.27667984,12.07317073,8.571428571,9.371428571,22.4,16.15289766,15.08295626,12.45791246,7.088607595,7.83847981,12.57062147,9.90237099
12/1/81,64.3,14.42622951,10.43024772,12.19806763,8.579088472,9.567198178,19.81505945,12.3039807,12.5,12.66666667,7.798742138,7.792207792,12.74509804,9.366391185
1/1/82,71,12.68656716,10.28277635,11.8847539,8.695652174,9.518348624,13.31592689,12.1040724,12.38938053,12.23140496,6.508135169,7.692307692,12.5,8.265582656
2/1/82,66.5,12.10762332,10.39290241,11.39088729,6.119791667,9.132420091,9.314359638,10.47619048,12.57142857,11.34868421,6.094527363,7.630057803,12.24209078,8.021390374
3/1/82,62,13.80530973,9.987515605,9.750297265,3.969270166,8.249721293,13.40996169,10.20408163,11.37640449,9.98389694,5.918618989,8.101851852,11.17166213,8.14717477
4/1/82,65.5,14.23149905,9.75308642,8.736717828,5.044136192,7.522123894,15.25851198,9.696969697,11.75656985,9.076433121,3.667481663,8.132875143,10.40540541,8.150064683
5/1/82,67.5,14.11992263,9.290953545,7.981220657,5.590062112,7.29281768,14.4638404,8.870967742,8.490566038,8.510638298,4.242424242,8.040770102,10.04016064,8.301404853
6/1/82,65.7,12.09540034,8.585247884,7.351225204,5.710814095,7.419712071,13.0702836,5.935613682,11.47959184,9.063444109,7.34939759,8.626560726,9.827357238,8.417085427
7/1/82,65.4,12.68057785,7.980652963,9.930715935,6.027060271,8.68596882,12.36093943,8.844221106,10.25,9.538002981,7.683073229,8.71040724,11.85770751,8.745247148
8/1/82,65.4,12.33283804,7.082833133,11.47727273,3.808353808,9.440175631,12.05412054,11.3796576,9.838107098,9.158050222,6.642941874,8.724832215,13.7434555,9.632446134
9/1/82,69.3,11.26187246,6.30952381,11.78451178,3.170731707,9.149623251,12.40875912,12.99492386,8.074534161,8.163265306,5.847953216,9.030100334,14.04421326,10.1758794
10/1/82,73.4,11.2,5.896226415,11.69265033,4.076738609,9.275053305,12.86057692,13.58529111,10.70528967,8.069164265,5.324074074,9.131403118,14.72868217,10.04962779
11/1/82,72.1,10.29986962,4.912280702,10.02202643,4.014167651,8.704883227,12.36623068,13.58529111,12.91989664,7.456140351,4.707233065,9.02090209,13.84615385,10.52631579
12/1/82,71.9,11.47286822,4.403244496,8.981380066,4.312354312,8.315565032,11.30742049,10.95334686,12.7388535,7.256894049,6.18556701,8.791208791,13.23155216,11.23188406
1/1/83,70.4,9.803921569,4.252873563,8.733624454,5.561993048,8.342361863,7.268464244,9.734513274,11.88986233,7.471264368,6.643757159,8.86214442,12.35813367,10.39426523
2/1/83,74.6,9.56651719,3.981797497,8.794788274,3.128621089,8.081896552,-1.516919487,9.677419355,12.93103448,7.122507123,7.101947308,8.223684211,12.06467662,10.55753262
3/1/83,80.8,9.172932331,4.18079096,8.639308855,1.614763552,7.838983051,-6.620209059,8.910891089,12.33211233,7.152875175,7.085714286,8.416389812,11.59062885,10.70588235
4/1/83,89.1,7.458563536,3.815937149,7.435344828,2.749140893,7.263157895,-10.82949309,9.657039711,12.89156627,6.796116505,4.653802497,8.605664488,10.39119804,10.72261072
5/1/83,93.3,6.684141547,4.008908686,7.219827586,3.16027088,7.052631579,-14.92027335,8.454545455,10.43890866,6.25,2.808988764,8.38641189,9.891435464,10.8045977
6/1/83,92.2,7.113543092,4.415011038,7.403433476,3.225806452,7.074973601,-13.19052988,4.931506849,15.76576577,6.772908367,3.010033445,8.438818565,9.688995215,10.58020478
7/1/83,92.8,7.287449393,4.585152838,6.922257721,3.387978142,6.794055202,-6.117908788,5.866177819,15.50218341,7.010582011,3.093922652,8.421052632,8.669833729,9.843400447
8/1/83,90.9,6.735751295,4.117009751,6.355932203,1.297297297,6.282722513,-3.307607497,5.151793928,16.29153269,6.790945406,3.622392975,8.025343189,8.117647059,9.734513274
9/1/83,89.9,6.155950752,3.433476395,5.274261603,0.638977636,5.349794239,-3.699673558,6.537753223,13.48435814,5.648267009,4.02173913,8.262711864,6.775700935,9.891304348
10/1/83,89.3,6.40113798,3.426124197,4.842105263,1.918976546,5.12295082,-4.550379198,8.125577101,16.53803749,5.612244898,2.819956616,8.421052632,6.380510441,9.621621622
11/1/83,91.1,7.2,3.308431163,4.626708728,2.340425532,5.128205128,-5.393743258,7.855822551,21.27659574,6.463878327,1.19176598,8.609958506,5.658198614,9.227467811
12/1/83,94.2,6.220839813,3.085106383,3.777544596,2.651113468,4.73738414,-5.806451613,5.097312326,21.0467706,6.447534766,0.972972973,8.333333333,4.805491991,9.839572193
1/1/84,100.1,4.647887324,2.757158006,2.19665272,3.389830508,4.188481675,-6.974248927,3.638059701,20.17448201,6.815365551,1.300108342,8.213552361,3.071672355,9.361702128
2/1/84,97.4,4.812030075,1.902748414,2.596053998,1.689545935,4.279749478,-7.700534759,3.510436433,21.24183007,6.388206388,2.807775378,8.186528497,3.269447576,9.639830508
3/1/84,101,5.483870968,2.116402116,3.43035343,0.530785563,4.31211499,-6.937033084,2.071005917,19.53041622,6.15942029,3.655913978,7.820646507,3.678929766,9.968186638
4/1/84,96.1,4.580152672,2.528977871,2.385892116,1.469045121,3.680981595,-5.079365079,2.57997936,19.87179487,5.833333333,2.668089648,7.549120993,2.753303965,9.348739496
5/1/84,98.1,4.148148148,2.087682672,1.646090535,2.169421488,3.278688525,-0.733752621,1.533742331,16.02972399,4.815229563,1.793248945,7.794871795,2.401746725,8.854166667
6/1/84,95.5,3.348554033,1.443298969,0.713557594,2.755102041,2.569373073,-3.115264798,-0.868725869,17.75510204,3.897550111,1.670146138,7.770961145,1.843817787,8.273009307
7/1/84,96.6,3.058103976,1.435897436,0.509164969,3.045685279,2.481902792,-3.826266805,1.892147588,16.68351871,3.765227021,1.455301455,7.653061224,1.51187905,7.297019527
8/1/84,99.1,3.363914373,1.637666325,0.510204082,1.617795753,2.556237219,-2.471678682,2.186311787,16.73346693,4.092920354,1.244813278,7.339449541,1.391862955,6.952965235
9/1/84,100.9,3.318903319,1.532175689,1.221995927,1.219512195,2.716297787,-1.233299075,2.305475504,13.16582915,4.389721627,2.173913043,7.069672131,1.592356688,6.836734694
10/1/84,96.3,3.40599455,1.83299389,1.731160896,2.540650407,3.009027081,-1.023541453,4.457364341,8.895705521,4.290091931,2.464065708,6.769230769,2.212855638,6.422018349
11/1/84,95.7,4.160887656,2.142857143,2.443991853,2.757916241,3.714859438,-1.536885246,6.048780488,7.450157398,4.693877551,2.56147541,6.727828746,3.141361257,5.834186285
12/1/84,92.9,5.006954103,2.151639344,4.276985743,3.730569948,4.660587639,-0.823045267,3.67428004,5.020920502,4.939516129,2.965235174,6.896551724,4.588112617,5.894519131
1/1/85,96,4.971590909,2.556237219,3.975535168,4.320987654,4.414784394,0.922131148,3.258655804,3.664921466,4.85629336,2.862985685,6.559031282,4.140786749,5.035971223
2/1/85,93.7,5.361930295,3.881511747,3.971486762,2.256410256,4.494382022,2.962206333,4.004214963,2.087682672,4.253214639,2.752293578,6.545820745,4.62962963,5.020491803
3/1/85,93.7,5.569306931,3.983656793,4.251012146,0.819672131,4.536290323,5.402650357,4.234527687,1.040582726,3.801169591,2.839756592,6.451612903,4.892966361,5.93654043
4/1/85,94.6,4.489337823,3.752535497,3.931451613,1.62601626,4.413239719,0.304259635,4.943357364,-1.253918495,3.831417625,2.82542886,6.25,4.637096774,5.906313646
5/1/85,91.8,4.180064309,3.427419355,4.32160804,1.621073961,4.7,-1.821862348,4.274353877,-3.810504634,4.291044776,2.719033233,6.539235412,4.909819639,5.995934959
6/1/85,96.5,4.229934924,3.115577889,4.21686747,1.717171717,4.81444333,-2.522704339,1.666666667,0,4.307116105,2.81124498,7.042253521,4.895104895,5.977710233
7/1/85,94,4.094827586,3.503503504,4.21686747,1.207243461,4.6277666,-3.815261044,5.058365759,-1.273261508,3.921568627,2.997002997,6.847935549,4.870775348,5.549949546
8/1/85,92.4,4.290429043,3.592814371,4.714142427,-0.401606426,4.572564612,-5.2,8.163265306,0,3.474178404,2.68123138,6.920762287,5.044510386,5.527638191
9/1/85,92.1,4.226918799,3.872889772,4.6,-0.1998002,4.305283757,-5.561072493,9.39334638,0.29296875,3.095684803,2.460629921,6.906906907,4.926108374,5.688622754
10/1/85,88.4,4.479283315,3.465346535,4.785643071,1.794616152,4.398826979,-3.849950642,10.59405941,2.857142857,3.235014272,1.859099804,6.660039761,5.093046033,5.461767627
11/1/85,90.9,4.500548847,3.656126482,4.785643071,2.581926514,4.398826979,-2.062868369,8.708708709,3.826787513,3.076923077,1.655306719,6.699507389,5.160662123,5.440158259
12/1/85,93.9,4.246284501,3.455083909,4.671968191,2.96735905,4.527559055,-1.57016683,6.357214934,1.215805471,3.16091954,2.142161636,6.967615309,5.237633366,5.725567621
1/1/86,95.6,3.396603397,2.453385672,4.901960784,3.451676529,4.395604396,-1.173020528,4.703476483,2.208835341,3.394762367,2.34375,7.156862745,4.725168756,4.897159647
2/1/86,95.9,3.18275154,1.953125,4.771178189,1.866404715,4.3,-3.118908382,5.133470226,1.6,3.185328185,2.926829268,6.764705882,4.688995215,4.585365854
3/1/86,95.1,3.366336634,2.2417154,4.956268222,1.56402737,4.343534057,-4.368932039,5.133470226,0.895522388,3.294573643,3.297769156,6.568627451,4.838709677,5.058365759
4/1/86,96.2,3.433922997,2.521823472,4.664723032,3.009708738,4.330708661,-3.574879227,4.655870445,1.183431953,2.995169082,3.272377286,6.562193928,4.703668862,5.517909003
5/1/86,94.8,3.567787971,2.611218569,4.771178189,3.488372093,4.240631164,-0.769971126,3.819095477,-2.339181287,2.902621723,3.262955854,6.653620352,4.761904762,5.598455598
6/1/86,99.3,3.769633508,2.025072324,5.431619787,3.957528958,4.373757455,1.631477927,-0.101010101,2.143522833,2.646502836,3.259827421,6.940371457,5.027932961,5.673076923
7/1/86,97.7,3.623188406,2.113352546,5.130687318,3.93096836,4.191616766,3.728489484,2.763561924,0.090661831,2.34741784,3.256704981,7.12890625,4.907407407,5.449330784
8/1/86,94.9,3.329969728,1.531100478,5.197305101,1.337153773,3.823529412,4.947668887,1.242236025,0.089285714,1.496725912,3.241182078,7.12890625,4.79704797,5.703422053
9/1/86,91.9,2.973240833,1.714285714,5.49132948,0.570884872,3.458213256,3.497164461,1.544799176,-2.317290553,1.111111111,3.03030303,7.317073171,4.6875,6.043437205
10/1/86,95.6,3.115264798,1.709401709,5.288461538,1.895734597,3.527168732,1.787394167,5.930470348,-1.666666667,1.298701299,2.360717658,6.976744186,4.657534247,5.921052632
11/1/86,91.4,3.55276907,1.614434948,5.475504323,2.835538752,4.015296367,1.220657277,4.923076923,-1.238095238,1.988636364,2.264150943,6.724303554,4.99092559,5.904404873
12/1/86,89.1,3.98277718,1.899335233,5.645933014,3.853383459,4.343629344,2.530459231,2.587991718,-4.030710173,2.374169041,3.116147309,6.609195402,5.225225225,6.448598131
1/1/87,90.4,3.958333333,2.464454976,5.730659026,4.311152765,4.317958783,4.957904584,2.123142251,-4.571428571,2.281368821,3.024574669,6.285714286,5.116696589,6.145251397
2/1/87,90.2,3.842049093,2.169811321,5.513307985,1.489757914,4.081632653,5.121042831,2.798708288,-3.601895735,1.44092219,2.816901408,6.261859583,5.263157895,6.487488415
3/1/87,90.8,3.094983991,1.691729323,5.402843602,-0.556586271,3.820439351,-2.224281742,2.94426919,-4.056603774,0.859598854,2.990654206,6.63507109,5.221238938,6.740535549
4/1/87,92.8,2.00845666,1.96445276,5.882352941,0.185013876,3.904761905,-16.08133087,2.026342452,-4.229323308,0.766283525,2.795899348,6.628787879,5.355575066,7.359705612
5/1/87,91.1,1.416122004,2.329916123,5.513307985,0.915750916,3.915950334,-24.95395948,0.099304866,-7.929104478,0.92506938,3.174603175,6.811731315,5.327510917,7.495429616
6/1/87,91.5,1.347150259,2.50929368,5.308056872,0.821167883,3.93096836,-23.25367647,-5.807086614,-3.274336283,1.219512195,3.83536015,6.52173913,5.030355594,7.46132848
7/1/87,93.7,1.808510638,2.597402597,5.213270142,0.817438692,3.965183752,-20.91743119,2.652259332,-3.533568905,1.495327103,4.41314554,6.52173913,4.92653414,7.246376812
8/1/87,94.4,1.623376623,3.240740741,4.829545455,-0.992779783,3.915950334,-24.58866545,2.876984127,-4.661389622,1.233396584,4.775280899,6.906338694,4.815133276,7.297297297
9/1/87,93.6,1.520086862,3.970452447,5.009451796,-1.261261261,3.554724041,-26.90909091,2.808425276,-4.130052724,1.132075472,4.753028891,6.717123936,4.71293916,7.533632287
10/1/87,89.3,1.696832579,4.047838086,5.103969754,0.448430493,3.531598513,-24.66124661,6.882591093,-4.462659381,0.958772771,3.792784459,6.478873239,4.692832765,7.575757576
11/1/87,83.1,1.430143014,3.669724771,4.882629108,0.89047195,3.621169916,-26.88848921,1.409869084,-1.312089972,1.088031652,3.874538745,6.128133705,4.749787956,7.535460993
12/1/87,86.8,1.171458999,3.476669716,4.753028891,1.863354037,3.849765258,-27.67295597,-1.105527638,-5.514018692,1.593625498,4.990757856,6.284658041,4.830508475,7.780725022
1/1/88,90.8,0.941422594,3.558394161,4.558139535,2.650176678,3.732057416,-26.34408602,-2.743902439,-5.272895467,1.694915254,5.462962963,6.734317343,4.380791912,7.117750439
2/1/88,91.6,1.981230448,4.117108875,4.753028891,1.321585903,3.746397695,-17.87310098,-2.588996764,-4.871323529,1.593625498,5.560704356,6.16375345,4.416666667,6.917688266
3/1/88,94.6,2.94426919,4.319852941,4.465116279,0.874890639,3.6121673,-4.808548531,-2.4600246,-4.42804428,1.501501502,4.532839963,5.985267035,4.218362283,6.707317073
4/1/88,91.2,3.638253638,4.327808471,4.178272981,3.47826087,3.878902554,2.48447205,-0.815217391,-4.939422181,2.610441767,3.700277521,6.232813932,3.944124897,6.666666667
5/1/88,94.8,4.008438819,4.04040404,4.71349353,5.46875,4.27756654,1.860053144,-1.572739187,-8.403361345,3.206997085,3.327171904,6.18744313,4.255319149,6.828003457
6/1/88,94.7,3.625377644,4.474885845,4.709141274,5.882352941,4.314477469,0,-12.02531646,-4.227782571,3.495145631,3.052728955,6.606334842,4.159869494,6.546080965
7/1/88,93.4,4.094165814,4.383561644,4.674610449,4.918032787,4.054054054,5.991189427,-1.759133965,-2.144082333,3.296703297,3.052728955,6.498194946,3.883495146,6.346483705
8/1/88,97.4,4.320337197,3.281677302,4.359673025,1.54772141,3.981042654,10.54481547,-0.427960057,-6.003430532,2.665350444,3.31797235,7.039711191,4.038772213,6.324786325
9/1/88,97.3,4.570184984,3.35753176,4.537205082,1.112061591,3.792784459,11.1790393,0,-2.144082333,2.716297787,3.116406966,7.323688969,4.029008864,6.202209006
10/1/88,94.1,4.916317992,3.445149592,4.43438914,3.914893617,3.955841766,12.68462207,11.67146974,-3.145235893,3.410230692,1.735159817,7.327971403,3.855421687,5.912162162
11/1/88,93,5.361050328,3.079710145,4.770477048,5.772495756,4.327808471,12.47833622,4.366812227,1.133144476,4.126984127,1.275045537,7.658450704,4.086538462,5.63973064
12/1/88,91.9,5.499438833,2.805429864,4.757630162,6.689246401,4.651162791,12.20779221,3.623188406,-2.561669829,4.651162791,1.823154057,7.174103237,4.126984127,5.714285714
1/1/89,97.9,4.646017699,2.967625899,4.919499106,5.986509275,4.356060606,7.858376511,1.237964237,-3.007518797,4.206098843,1.552511416,7.149084568,3.867403315,5.10460251
2/1/89,95.4,4.545454545,3.046594982,4.901960784,3.526448363,4.425612053,3.100775194,1.976284585,-2.631578947,3.785488959,2.372262774,7.04845815,4.160125589,5.587989992
3/1/89,94.3,4.295154185,2.854594112,4.982206406,0.418410042,3.919781222,1.455479452,1.963350785,-1.312089972,2.757158006,2.619692864,6.719717065,4.20233463,6.068162926
4/1/89,91.5,4.094827586,2.839396628,4.618117229,2.327514547,4.035874439,-0.936967632,2.551020408,-1.03871577,3.301384452,1.97309417,7.04845815,4.031007752,6.120760959
5/1/89,90.7,4.390779363,2.829354553,4.681978799,4.888152444,4.320432043,0.170068027,1.898734177,-5.263157895,3.873598369,1.611459266,7.205623902,4.080061586,6.270627063
6/1/89,90.6,4.371584699,2.643171806,4.653204565,5.785123967,4.574565416,0.509770603,-9.665427509,-1.214223764,4.200819672,1.615798923,7.186678352,4.204892966,6.26029654
7/1/89,92,4.482390608,3.427065026,5.013192612,6.02807597,4.659832246,-0.677966102,-0.12180268,0.60189166,4.453870626,1.528776978,6.818181818,4.103343465,6.147540984
8/1/89,89.6,4.343220339,4.283216783,4.653204565,2.707136998,4.296160878,-1.686340641,0,-1.54373928,3.50877193,1.878354204,7.280701754,4.009077156,6.5199674
9/1/89,95.8,4.273504274,4.434782609,4.724409449,-0.571895425,3.883495146,0.167504188,0.714285714,-0.946643718,2.388369678,1.860053144,7.381370826,4.220045215,6.574675325
10/1/89,93.9,5.039193729,4.856895056,4.541484716,1.949634444,3.986135182,0,9.987966306,-0.550964187,3.343782654,1.055408971,7.391304348,4.04494382,6.537530266
11/1/89,90.9,5.776173285,5.025996534,4.541484716,4.294975689,4.332755633,-1.244813278,5.174488568,4.448563485,4.243743199,0.78878177,7.738607051,4.247391952,6.682769726
12/1/89,90.5,5.64516129,4.679376083,4.430929626,5.801772764,4.79148181,-0.332225914,2.93398533,3.075489282,5.114254625,1.762114537,7.216494845,4.373610082,7.073954984
1/1/90,93,5.286343612,4.753673293,4.325259516,6.099518459,4.710144928,0.662251656,3.018867925,2.687673772,5.200433369,2.561837456,7.579672696,3.988183161,6.230031949
2/1/90,89.5,5.56768559,5.172413793,4.065743945,4.076738609,4.809437387,1.073492981,3.329065301,4.066543438,4.951560818,3.000882613,7.672413793,4.188096988,6.523468576
3/1/90,91.3,5.391120507,5.751072961,4.231433506,0.796812749,4.374453193,2.296964725,2.97542044,4.541241891,3.771551724,3.315881326,7.605877269,4.306569343,7.137192704
4/1/90,93.9,5.701754386,5.807002562,4.295532646,1.825396825,4.444444444,1.715686275,3.282828283,4.170528267,3.783783784,3.29004329,7.871972318,4.489500362,7.351778656
5/1/90,90.6,5.907172996,5.957446809,4.362703165,3.642121932,4.557179708,8.80195599,4.67404674,-0.093023256,4.261954262,2.857142857,8.110440035,4.316546763,7.249802994
6/1/90,88.3,6.124604013,6.016949153,4.421768707,4.574132492,4.62478185,12.5203252,-5.043050431,2.323580034,4.526315789,2.686308492,9.130060293,4.304160689,7.064364207
7/1/90,88.2,5.995717345,5.316455696,4.377104377,4.009433962,4.614019521,11.27331711,3.523693803,1.457975986,4.311251314,2.430555556,9.043927649,4.199288256,6.953125
8/1/90,76.4,5.544147844,5.210084034,4.522613065,1.877934272,4.618117229,8.400646204,4.275534442,1.455479452,3.781512605,2.256944444,8.886971527,4.252303331,7.531055901
9/1/90,72.8,4.9331963,4.841402337,4.496253122,-2.182385035,3.904923599,6.415396953,3.85078219,1.877133106,1.997896951,1.28314799,8.691910499,4.295774648,7.965970611
10/1/90,63.9,5.100956429,4.991680532,4.405652535,-0.544323484,3.728251864,5.737051793,10.04901961,-0.356506239,2.171664943,-0.084745763,8.61774744,4.120111732,8.083140878
11/1/90,66,5.698924731,5.236907731,4.647302905,2.167182663,4.253544621,5.882352941,5.651105651,2.643573382,3.151260504,0.084602369,9.121621622,4.326587579,8.28856485
12/1/90,65.5,5.875952122,5.228215768,4.789430223,3.163580247,4.491525424,5.317460317,2.98879203,1.359927471,3.781512605,1.355932203,9.327731092,4.438280166,8.958652374
1/1/91,66.8,5.107252298,5.119735756,5.098684211,3.004622496,4.423243712,4.825949367,3.274559194,0.451263538,3.391572456,2.120441052,9.212730318,4.206896552,8.066971081
2/1/91,70.4,6.07966457,5.921052632,4.816326531,1.073619632,4.423243712,8.274231678,4.119850187,1.361161525,2.968270215,2.455546147,9.288702929,4.38957476,8.03030303
3/1/91,87.7,6.044538706,6.21422731,4.545454545,0.839694656,4.35875943,6.97492163,4.9200492,2.262443439,3.298969072,2.352941176,9.547738693,4.211956522,8.51544838
4/1/91,81.8,6.120218579,5.767668562,5.004035513,3.424657534,4.88006617,-2.34375,3.25732899,2.425876011,3.95421436,2.006688963,9.647651007,4.784366577,9.104589917
5/1/91,78.3,5.622932745,4.9273021,4.971932638,4.772727273,4.900332226,-4.442712393,2.585315408,-2.140945584,4.094165814,1.587301587,9.479865772,4.6,9.370314843
6/1/91,82.1,5.629139073,4.834810637,4.956035172,5.81570997,5.008488964,-2.957198444,-3.846153846,-0.753138075,4.44214876,1.760268231,9.419680404,4.503311258,9.410007468
7/1/91,82.9,5.97826087,5.225080386,5.095541401,6.231231231,5.043478261,0,1.902748414,0.166112957,4.540763674,1.767676768,10.04219409,4.491413474,9.050445104
8/1/91,82,6.473214286,5.537720706,5.559968229,4.338070307,5.391304348,2.552204176,1.756311745,-1.495016611,4.21377184,2.104377104,10.19541206,4.86522025,9.601181684
9/1/91,83,6.889352818,5.52,6.254948535,1.643017177,5.333333333,11,1.576576577,-0.581395349,3.219106957,2.331390508,9.820666097,5.348988911,10.08836524
10/1/91,78.3,7.561235357,5.414012739,5.757097792,3.041543027,5.134474328,17.57066463,9.234234234,-1.487314086,3.363914373,0.907590759,10.04219409,5.191434134,9.89010989
11/1/91,69.1,8.360836084,5.321683876,5.494505495,4.652880355,5.323505324,24.14318355,4.827586207,0.354924579,3.826266805,0.411184211,9.535655058,5.215711526,9.927007299
12/1/91,68.2,8.508287293,5.313243458,5.164319249,6.102941176,5.620805369,25.32319392,1.988304094,0.088183422,4.294478528,0.742574257,9.680065628,5.128205128,10.54545455
1/1/92,67.5,6.88172043,3.846153846,5.31996916,6.309611152,5.398457584,20,1.655629139,0.352422907,4.334677419,1.570247934,9.967320261,4.71637986,9.826589595
2/1/92,68.8,7.374301676,3.28125,5.810397554,2.489019034,5.481727575,13.40361446,4.21286031,1.92139738,3.718592965,2.536824877,9.656301146,5.170239596,10.00719942
3/1/92,76,6.681270537,3.185703186,5.267175573,0.581395349,5.103668262,7.617625093,5.050505051,1.837270341,3.947368421,3.484602917,9.621710526,4.940587867,10.21428571
4/1/92,77.2,6.49627263,3.491078355,5.04587156,1.519536903,5.288082084,2.384500745,4.725274725,3.141361257,4.616998951,4.042037187,9.826589595,5.021698698,10.2637206
5/1/92,79.2,6.622516556,3.86996904,5.034324943,3.318903319,5.338645418,2.604166667,2.272727273,0.518134715,5.213764338,3.964401294,10,4.747225647,9.950248756
6/1/92,80.4,6.455266138,3.464203233,4.542013626,4.369627507,5.271695053,4.154302671,-2.21987315,1.227495908,5.664263646,4.301948052,10.0331675,4.225352113,9.604519774
7/1/92,76.6,6.349206349,3.527607362,3.915662651,4.335465529,4.966887417,4.575645756,3.707627119,1.147540984,5.654450262,4.556550041,10.31613977,3.839122486,8.893557423
8/1/92,76.1,6.020942408,2.659574468,3.453453453,2.115655853,4.582651391,-3.592375367,4.849660524,1.3136289,5.125523013,4.626623377,10.7589658,3.701456311,8.680555556
9/1/92,75.6,5.357142857,1.959306707,3.443113772,0.562983814,4.337539432,-9.110787172,3.309481216,-0.081632653,4.356846473,4.417670683,10.78595318,3.734939759,9.065743945
10/1/92,73.3,5.79029734,1.722846442,3.579418345,2.036516854,4.361370717,-13.71552975,8.50884583,0.085543199,4.634397528,2.952913009,10.90008258,3.717026379,8.614748449
11/1/92,85.3,5.454545455,1.270553064,3.791821561,3.646563815,4.470588235,-14.90593343,5.892255892,0.695047785,5.107252298,2.392344498,10.17915309,3.754469607,8.384879725
12/1/92,91,6.106870229,1.569506726,3.714710253,5.30726257,4.868316042,-12.9428778,3.333333333,0.086956522,5.62248996,2.394253791,9.654062751,3.72560615,8.641975309
1/1/93,89.3,4.94011976,1.485884101,3.481481481,4.022191401,4.038772213,-7.101865136,2.314814815,-1.521555368,4.326450344,2.382843527,9.018355946,3.169014085,7.953772944
2/1/93,86.6,4.6875,1.112759644,3.626943005,1.176470588,3.645007924,-3.563791875,1.913393756,0.252525253,2.775024777,2.199528672,9.054805401,3.205128205,7.978363759
3/1/93,85.9,4.104903079,1.333333333,3.54767184,0.966850829,3.649068323,-1.064584812,1.486199575,0.588730025,2.932254803,2.18579235,9.436954798,3.233256351,8.490566038
4/1/93,85.6,5.012224939,1.109467456,3.526818516,2.272727273,4.073789393,-1.913536499,2.919708029,0.508905852,3.626943005,2.488335925,9.849086577,3.614457831,8.692722372
5/1/93,80.3,4.980842912,0.663716814,3.36749634,2.678571429,4.095826893,-3.821656051,0.099800399,-0.74937552,3.752535497,2.486402486,9.928514694,3.591790194,8.754208754
6/1/93,81.5,4.506699147,-0.147058824,3.420669578,4.249485949,4.097714736,-0.848056537,-2.982107356,1.195219124,4.437564499,2.650038971,8.823529412,3.229461756,8.584842388
7/1/93,77,4.82509047,0.660792952,3.438185808,3.961748634,3.913738019,3.38028169,2.443991853,1.104100946,4.218106996,2.732240437,8.200636943,2.926280248,8.127914724
8/1/93,77.3,4.756097561,0.878477306,3.450807636,1.090661213,3.605015674,2.522775053,3.121852971,1.980982567,3.426791277,2.71950272,7.753796962,3.018446059,8.095554081
9/1/93,77.9,4.457831325,1.457725948,3.299120235,-0.747282609,3.274942879,1.394700139,2.104208417,1.417322835,2.469135802,2.850539291,7.131410256,2.944444444,8.261731659
10/1/93,82.7,4.980842912,1.965065502,3.010279001,0.406228842,3.165033911,2.501737318,7.637474542,1.883701884,2.73556231,1.917177914,7.313195548,2.773155851,7.971014493
11/1/93,81.2,5.788712012,1.596516691,3.14557425,1.417004049,3.461249059,1.662049861,5.045408678,2.43902439,3.009027081,1.375095493,6.834249804,3.092214246,8.08678501
12/1/93,88.2,6.011730205,1.232777375,2.919708029,3.290799194,3.780864198,2.83933518,0.917431193,4.221854305,3.903903904,1.765157329,6.780982073,3.026967529,8.131147541
1/1/94,94.3,5.62962963,1.593048516,2.781844802,2.34270415,3.362001564,4.002760524,2.332979852,3.148301574,3.458498024,1.998462721,6.293706294,2.62295082,7.170795306
2/1/94,93.2,5.813953488,1.443001443,3.06345733,-0.334224599,3.302611367,3.983516484,3.020496224,4.987531172,2.610441767,2.213740458,5.197827773,2.863317126,7.207792208
3/1/94,91.5,5,1.435750179,2.979651163,0,3.298350825,3.142076503,0,5.7995029,2.677651905,2.195306586,5.0348567,2.892340653,7.56302521
4/1/94,92.6,5.310880829,1.505376344,2.981818182,1.930758988,3.600900225,1.568894952,2.848101266,4.991680532,3.172978506,2.190332326,4.647560031,3.033528473,7.493540052
5/1/94,92.8,5.429292929,2.004294918,3.206997085,2.523240372,3.756574005,-0.81799591,0.804828974,4.163265306,3.455284553,2.262443439,4.721362229,3.144989339,7.622739018
6/1/94,91.2,4.975124378,2.42510699,3.052325581,2.647253475,3.664122137,-2.31449966,-3.786407767,5.185758514,3.54969574,2.496217852,4.802478699,3.031914894,7.92015454
7/1/94,89,5.091383812,2.277580071,3.202328967,1.78335535,3.482972136,-2.240325866,2.623906706,5.955143078,2.935222672,2.727272727,4.743390358,2.863202545,7.367072389
8/1/94,91.7,4.599211564,1.561391057,3.034682081,-0.527356625,3.302611367,-2.572782668,3.339882122,5.499612703,2.222222222,2.798789713,5.291828794,2.964531498,7.407407407
9/1/94,91.5,4.62962963,1.556970984,3.16774658,-0.92226614,3.375843961,-3.308575287,2.652259332,4.398148148,1.683168317,2.930127724,5.144193297,3.166226913,7.397959184
10/1/94,92.7,4.502046385,1.763046544,2.879769618,-0.262295082,2.888888889,-3.758389262,8.866995074,4.439063761,1.169590643,2.240477969,4.957397366,2.845100105,6.848446417
11/1/94,91.6,4.337631887,2.323943662,2.883922134,1.046435579,3.12267658,-2.009377093,5.577299413,2.958093673,1.714285714,2.086438152,4.747320061,2.941176471,6.962025316
12/1/94,95.1,4.285714286,2.466525722,2.95389049,3.133159269,3.576864536,-1.54155496,0.899100899,2.685109845,2.666666667,2.619760479,4.188880427,2.982731554,7.079646018
1/1/95,97.6,3.583426652,2.594670407,2.875629044,1.88556567,3.084040093,-2.868579053,0.507614213,4.467912266,1.988636364,2.844311377,3.945371775,2.606882169,6.026365348
2/1/95,95.1,3.579676674,2.306079665,2.936962751,-1.9467878,2.623688156,-3.779840849,2.658486708,5.882352941,0.672430355,3.043801039,3.484848485,2.587991718,5.808869457
3/1/95,90.3,3.608847497,2.158774373,3.223495702,-2.462734932,2.643171806,-2.708058124,0.411946447,5.939788446,0.289296046,3.32103321,3.636363636,2.836513667,6.292834891
4/1/95,92.5,3.738317757,1.875,3.142857143,-0.516129032,2.994886779,-3.625576796,-0.101832994,6.650446067,0.869565217,3.382352941,4.084720121,3.045947341,6.036092097
5/1/95,89.8,3.98505604,1.386962552,2.978723404,0.901481005,3.111111111,-3.49373764,-3.313253012,4.229848364,1.424501425,3.316138541,4.15407855,2.883625129,5.838509317
6/1/95,92.7,3.803680982,1.869806094,2.916073969,2.374839538,3.184230478,-2.635046113,-7.630522088,2.045454545,2.441314554,3.706449222,4.084720121,2.619414484,5.820433437
7/1/95,94.4,4.675324675,2.216066482,2.987197724,2.822322001,3.245749614,-0.065789474,-1.020408163,1.20754717,2.7332705,3.869047619,3.63086233,2.503832397,5.42540074
8/1/95,96.2,4.657179819,2.417127072,2.976612332,-0.640204866,2.880970432,2.293577982,0,0.15117158,1.874414246,3.857566766,3.933434191,2.49872514,5.712530713
9/1/95,88.9,5.006418485,2.549965541,3.323903819,-2.236421725,3.046062407,5.362982341,-0.521376434,-1.128668172,1.572617946,3.84900074,4.163512491,2.752293578,5.947271613
10/1/95,90.2,4.474002418,2.264927934,3.309859155,-1.210962396,2.93901543,2.866449511,4.838709677,-1.569858713,1.565377532,3.014705882,3.823088456,2.644964395,5.623471883
11/1/95,88.2,4.556650246,2.057613169,3.373155306,-0.635727908,3.010279001,2.53411306,3.067484663,-1.69628433,1.754385965,2.639296188,4.154302671,2.746693795,6.101281269
12/1/95,91,4.421768707,1.920438957,3.361344538,1.013941698,3.242835596,5.458089669,1.167728238,-3.55987055,2.430243024,2.800294768,4.203539823,2.69035533,6.329884358
1/1/96,89.3,3.711558855,2.667578659,3.009097271,0.063211125,2.760736196,5.249513934,1.194353963,-3.00081103,1.978417266,2.954209749,3.747244673,2.275025278,5.935796487
2/1/96,88.5,3.862660944,2.726653033,3.013314646,-1.889168766,2.794561934,3.483870968,2.365591398,-3.081914031,1.711711712,3.019145803,3.223443223,2.415702063,6.024096386
3/1/96,93.7,4.043715847,3.125,2.873160477,-3.136762861,2.792064658,3.209242619,2.265372168,-4.220779221,1.342882722,2.848794741,3.216374269,2.561526871,6.542617047
4/1/96,92.7,4.319654428,2.781546811,3.146853147,-1.253918495,3.299120235,1.860166774,3.605514316,-4.836065574,1.98915009,2.7696793,2.92184076,2.904356535,6.242496999
5/1/96,89.4,4.74137931,3.254237288,3.210048849,-0.500312695,3.466076696,2.371794872,0.10460251,-3.45659164,2.014652015,2.836363636,2.551020408,3.048475762,6.242496999
6/1/96,92.4,4.605263158,2.972972973,3.47705146,-0.249843848,3.437967115,4.033290653,-5.31154239,-3.422053232,2.135561746,2.694828842,2.11062591,2.89276808,6.223818073
7/1/96,94.7,4.606741573,2.493261456,3.526970954,-0.249376559,3.437738732,3.772378517,2.290836653,-4.157218443,1.96445276,2.631578947,1.819505095,2.831594635,5.784138342
8/1/96,95.3,3.816793893,2.281879195,3.308063405,-1.736972705,3.127383677,-0.25477707,2.209414025,-4.003021148,1.407129456,2.192982456,1.966496723,2.776400595,5.87537092
9/1/96,94.7,3.825136612,2.208835341,3.234686855,-2.537128713,3.05514158,-1.650793651,4.536679537,-4.614220877,1.125703565,1.815541031,2.181818182,2.875557759,6.042654028
10/1/96,96.5,3.991370011,2.54180602,3.303509979,-1.542257866,3.032544379,-1.265822785,7.472959685,-4.258675079,1.31826742,1.156905278,1.878612717,2.769535114,5.493207324
11/1/96,99.2,4.366812227,2.605210421,3.296703297,0.184501845,3.427719821,-2.907711757,6.140350877,-4.811547715,1.968134958,1.083815029,2.152080344,2.960039467,5.54245283
12/1/96,96.9,4.100946372,1.870407482,3.678474114,1.969230769,3.908045977,-2.659911336,4.091816367,-5.707395498,2.88372093,1.526162791,2.426837973,3.006407097,5.424528302
1/1/97,97.4,3.278688525,2.129075183,3.476482618,0.735744942,3.091190108,-1.512287335,2.337398374,-2.868525896,2.145522388,1.597676107,2.489331437,2.412604628,4.683840749
2/1/97,99.7,3.680336488,2.054340623,3.530210455,-0.672782875,2.898550725,0.313283208,2.661207779,-1.516360734,1.784037559,1.806358382,2.985074627,2.407862408,4.659289458
3/1/97,100,3.875968992,2.443857332,3.467029232,-1.951219512,2.827380952,0.374064838,2.572016461,0.877192982,1.337153773,2.008608321,3.411513859,2.552773687,4.930394432
4/1/97,101.4,4.108108108,2.172481896,3.443619176,0,3.115727003,1.120099564,3.826787513,-2.008032129,2.097235462,1.789549034,3.756201276,2.652259332,4.806022003
5/1/97,103.2,4.565701559,2.496714849,3.238866397,0.908540279,3.148425787,2.487562189,2.495201536,0.158353127,2.325581395,1.719197708,4.394046775,2.605703048,4.684788895
6/1/97,104.5,4.422869471,2.360655738,3.304113284,1.933534743,3.218390805,4.350528278,-4.891815616,4.383358098,2.761341223,1.727861771,4.184397163,2.453385672,4.671280277
7/1/97,107.1,4.449152542,2.885245902,3.164983165,1.506024096,3.19563523,4.531346989,0.289296046,4.305864885,2.665350444,2.313810557,4.347826087,2.397260274,4.192992533
8/1/97,104.4,4.261954262,3.139306736,3.432032301,-1.082381239,2.997694081,4.826732673,0.198019802,5.04017531,1.393034826,2.303815695,4.5,2.589154861,4.180985109
9/1/97,106,4.61192351,3.133159269,3.286384977,-2.756141402,2.78824416,3.948180136,3.7111334,4.6875,0.595238095,2.075876879,4.5,2.685546875,4.173813608
10/1/97,105.6,4.545454545,3.318152245,3.143812709,-1.792114695,2.676579926,4.72972973,7.448979592,4.809160305,0.893743793,1.637010676,3.903477644,2.479338843,3.815489749
11/1/97,107.2,5.328798186,3.841145833,3.07486631,-0.178677784,2.991772625,5.644171779,4.166666667,5.60311284,1.294820717,1.137171286,4.289732771,2.666020359,3.870233352
12/1/97,102.1,5.604395604,4.039087948,3.202134757,1.664684899,3.445635528,6.822372465,1.145833333,6.103286385,2.123552124,1.428571429,3.711484594,2.758954501,4.040978941
1/1/98,106.6,4.70324748,3.821243523,2.925531915,0.177830468,2.769230769,5.936352509,0.814663951,8.131352619,1.147227533,1.568068425,3.002793296,2.359171883,3.227633069
2/1/98,110.4,4.745762712,3.29244674,3.116710875,-0.946185689,2.515243902,6.151035323,1.022494888,11.72791243,0.661625709,1.349431818,2.996515679,2.302158273,3.378378378
3/1/98,106.5,4.162219851,3.275529865,3.104359313,-1.70990566,2.522255193,3.820497271,0.989119683,14.49727202,0.29296875,1.268498943,3.48189415,2.393489708,3.593486805
4/1/98,108.7,3.991370011,2.943058221,3.092105263,-0.235432607,2.965159377,-1.454545455,0.739371534,9.076803724,0.967117988,1.338028169,3.554006969,2.671755725,3.703703704
5/1/98,106.5,4.026845638,2.937420179,3.094140882,1.408450704,3.216155572,-4.784978801,0.088261253,2.395672334,1.677539609,1.270289344,3.835425384,2.718168813,3.643497758
6/1/98,105.6,3.67965368,2.361199745,3.20470896,2.636203866,3.134556575,-3.510895884,-3.963963964,1.333333333,2.147525677,0.780141844,3.554006969,2.42280285,3.687150838
7/1/98,105.2,3.48468849,2.229299363,2.998696219,2.392065344,2.883865939,-2.054380665,1.194852941,2.479941648,1.769087523,0.712758375,3.491620112,2.227488152,3.224013341
8/1/98,104.4,3.357817419,2.097902098,3.053931124,1.222351572,2.888368462,-1.568154403,0.282752121,3.186097031,1.120448179,0.5702067,3.428971309,2.368545713,3.215077605
9/1/98,100.9,3.167898627,1.964512041,3.169469599,-0.871586287,2.433460076,1.021634615,-0.756859035,2.169197397,-0.186915888,-0.141442716,3.002793296,2.414772727,3.431101273
10/1/98,97.4,3.005181347,1.579279848,3.151125402,-0.231884058,2.248875562,2.395209581,5.323193916,3.924528302,0,-0.774647887,2.016689847,2.259887006,3.200883002
11/1/98,102.7,3.024193548,1.387137453,3.139013453,0.867052023,2.698650675,-0.358851675,2.89449113,3.10318076,0.448833034,-1.054852321,2.555248619,2.501179802,3.087100331
12/1/98,100.5,2.992776058,1.450189155,3.390914907,2.541883304,2.916346892,-2.275449102,1.204819277,3.807303807,1.130434783,-0.989399293,2.613480055,2.452830189,3.415977961
1/1/99,103.9,2.258726899,1.759899434,3.271327774,1.150747986,2.469135802,-3.940298507,-1.760889713,-1.55159038,0.496688742,-0.918727915,2.751031637,2.114661654,3.015350877
2/1/99,108.1,2.006018054,1.879699248,3.258785942,-1.204819277,2.19863533,-6.060606061,-2.886405959,-3.866976025,-0.165289256,-0.70323488,2.544704264,2.244039271,3.167667941
3/1/99,105.7,1.9,1.75,3.320561941,-1.489117984,2.304832714,-7.278106509,-4.820415879,-1.233616037,-0.260642919,-0.699300699,2.544704264,2.328830927,3.536452666
4/1/99,104.6,1.972386588,1.997503121,3.322683706,-0.685322673,2.351212344,-8.913813459,-4.933586338,2.162162162,-0.362318841,-0.557491289,2.272727273,2.462825279,3.639326453
5/1/99,106.8,2.325581395,1.936289819,3.320561941,0.284738041,2.73466371,-8.328411105,-5.893536122,3.139356815,0.459136823,-0.209351012,3.181189488,2.597402597,3.747963064
6/1/99,107.3,2.392344498,2.121023082,3.4416826,1.647727273,2.945619335,-6.619385343,-11.85958254,1.734104046,1.263537906,-0.632911392,3.814147018,2.407407407,3.900325027
7/1/99,106,2.33426704,1.869158879,3.371501272,1.303116147,2.688172043,-5.427728614,-5.024154589,-0.578034682,1.165919283,-0.777385159,4.244954767,2.268518519,3.937432578
8/1/99,104.5,2.298850575,1.803482587,3.233988586,-0.225988701,2.846153846,-8.372641509,-3.724394786,0.290909091,1.090909091,-0.212464589,4.685314685,2.366589327,4.090419806
9/1/99,107.2,2.075471698,1.861042184,3.417721519,-0.789177001,2.857142857,-10.64705882,-5.128205128,-2.172338885,0.620567376,0.070422535,5.466012614,2.554575012,4.408602151
10/1/99,103.2,1.893939394,1.732673267,3.474415666,-0.730747611,2.520385471,-9.953161593,-0.469483568,-4.242424242,0.433275563,-0.700770848,5.861828332,2.365491651,4.231387252
11/1/99,107.2,2.332089552,2.105263158,3.530895334,0.504484305,2.89532294,-8.079625293,-4.034582133,-7.307692308,0.834028357,-1.050420168,5.833333333,2.594995366,4.177825388
12/1/99,105.4,2.64446621,2.169869808,3.528670447,1.900503074,3.11550152,-7.088459285,-3.553800592,-4.173228346,1.430976431,-0.422237861,5.34351145,2.536900369,4.012841091
1/1/00,112,2.157598499,1.794554455,3.510971787,0.501672241,2.773497689,-6.71728972,-3.395061728,-1.030110935,1.637931034,-0.211267606,5.540166205,2.113970588,3.56572645
2/1/00,111.3,2.173913043,2.223594812,3.324968632,-2.224694105,2.426080364,-5.229517722,-2.245989305,-0.080256822,0.881057269,0,5.193905817,2.014652015,3.76059322
3/1/00,107.1,2.159624413,2.219482121,3.130870382,-2.884082085,2.297998517,-4.171494786,-1.550387597,-1.126307321,0.530035336,-0.419287212,5.747922438,2.105263158,4.118268215
4/1/00,109.2,2.299908004,2.215384615,3.068252974,-1.71460177,2.35640648,-3.063583815,-0.987925357,-2.491961415,0.088495575,-0.625869263,5.197505198,2.270663034,4.05904059
5/1/00,110.7,3.192488263,1.965601966,3.056768559,-0.055126792,2.73466371,3.581744656,-2.653927813,-3.415409055,1.148409894,0,5.443126308,2.347629797,4.004214963
6/1/00,106.4,3.03030303,2.208588957,2.996254682,0.935093509,2.716981132,3.757225434,-9.331919406,-0.975975976,1.535682023,0.210084034,5.119214586,2.11616389,3.94114556
7/1/00,108.3,2.851711027,1.899509804,3.051058531,0.713893465,2.546296296,3.115983843,-2.682403433,-0.374531835,1.177536232,-0.140449438,5.816398038,1.98019802,3.771608172
8/1/00,107.3,3.16091954,1.774785802,2.919254658,-2.352297593,2.3556231,6.214039125,-0.54884742,0.830188679,0.455373406,-0.560616678,6.022408964,2.06185567,3.812010444
9/1/00,106.8,3.468780971,1.894865526,2.731222843,-3.32606325,2.170658683,10.16073479,0,1.977186312,-0.182149362,-0.62849162,5.973295854,2.098214286,4.066736184
10/1/00,105.8,4.004106776,1.585365854,2.716049383,-2.065217391,2.212389381,11.104751,6.42303433,4.372019078,0.724637681,-0.625869263,6.245614035,1.917930419,3.952158086
11/1/00,107.6,4.089581305,1.707317073,2.527743527,-0.216802168,2.592592593,11.55606407,4.035874439,1.620745543,1.321585903,-0.83449235,6.06271777,2.138084633,4.054054054
12/1/00,98.4,4.378109453,1.769371568,2.586206897,1.567567568,2.754399388,13.15789474,1.166861144,4.556550041,0.95902354,-0.694927033,5.621096461,2.216312057,4.207792208
1/1/01,94.7,3.84985563,1.521606817,2.699386503,1.188546731,2.267396403,15.40216771,1.420118343,3.020408163,0.440917108,-0.556715379,6.024930748,1.992031873,3.726708075
2/1/01,90.6,3.977798335,1.398176292,3.245560318,-1.565029682,2.390131072,16.39157655,0.120336943,4.475183076,-0.089445438,-0.347947112,5.841446453,2.160493827,3.865979381
3/1/01,91.5,4.54115421,1.757575758,3.184323331,-1.884760366,2.486812359,17.87741203,0.582750583,6.315789474,0.272975432,-0.277970813,5.439330544,2.195871761,4.57113508
4/1/01,88.4,4.780114723,1.805054152,3.241590214,-1.449275362,2.736686391,17.25113122,0.796812749,7.050243112,0.367309458,0,4.884856943,2.485826428,4.974358974
5/1/01,92,4.775280899,1.74488568,3.235653236,-0.482315113,3.204172876,15.34541336,-0.297619048,7.556270096,1.279707495,0.415224913,5.318404479,2.571926765,5.076923077
6/1/01,92.6,4.939422181,2.166064982,3.298717166,0.695187166,3.284950344,16.42129105,-6.085192698,7.786259542,1.637852593,0.556715379,4.912280702,2.559652928,5.017921147
7/1/01,92.4,5.377358491,2.099580084,3.416717511,0.533333333,3.220738413,20.57659695,1.177625123,13.18181818,1.172227232,0.62849162,4.577464789,2.503236944,5.150433452
8/1/01,91.5,5.454545455,2.453620586,3.53227771,-1.597444089,3.294117647,15.92320723,3.544776119,15.81749049,0.711743772,0.769230769,4.314002829,2.666666667,5.34351145
9/1/01,81.8,4.570895522,2.44192972,3.462940462,-3.450106157,3.034901366,10.12943163,2.91704649,12.3100304,-0.776531493,0.20746888,4.307909605,2.96010296,5.798575788
10/1/01,82.7,5.329457364,2.318668252,3.696969697,-2.226935313,2.971768202,13.96522715,7.31261426,19.05511811,-0.173160173,-0.619408121,4.35699227,2.701543739,5.882352941
11/1/01,83.9,5.317164179,2.19845514,3.690260133,-0.422832981,3.293413174,13.22869955,5.059797608,22.43744956,0.498753117,-1.034482759,4.122990915,2.824133504,5.924050633
12/1/01,88.8,5.5028463,2.19845514,3.806646526,0.897097625,3.689469639,11.61616162,2.780269058,27.48585287,1.537147737,-0.624133148,3.760445682,2.770673487,5.715730905
1/1/02,93,4.642857143,2.606635071,3.321256039,0.524658972,3.154574132,8.445190157,3.485254692,34.79674797,1.278772379,0.208913649,4.117236567,2.338435374,5.178481649
2/1/02,90.7,4.761904762,2.414605418,3.549939832,-1.99057098,3.095975232,4.735376045,4.859335038,55.80645161,0.509770603,0.485436893,4.755244755,2.547770701,5.508262394
3/1/02,95.7,4.295051354,2.745327103,3.543543544,-2.139874739,2.943396226,-2.271468144,4.125286478,51.69082126,0.170068027,0,5.233775297,2.58146424,5.829596413
4/1/02,93,4.487179487,2.918855809,3.839232154,-0.573215216,3.300825206,-2.542841349,5.003909304,45.52780016,0.252525253,-0.479780672,5.505226481,2.869198312,5.973120956
5/1/02,96.9,4.87804878,2.798833819,3.82546324,-0.155925156,3.555219365,2.874516307,4.388714734,41.28,0.915903414,-0.412371134,5.722260991,2.863157895,6.163021869
6/1/02,92.4,4.981203008,2.900232019,3.882915173,0.776799586,3.507404521,4.254143646,0.433839479,32.73273273,0.935307872,-0.415224913,5.878236529,2.728799328,5.794947994
7/1/02,88.1,4.801477378,2.777777778,4.099821747,0.929752066,3.694779116,3.254274683,8.345642541,20.99039172,0.825825826,-0.556328234,6.666666667,2.80804694,5.72274297
8/1/02,87.6,4.380242311,2.835648148,4.030823948,-1.391035549,3.591380686,-1.541001651,10.88488645,16.46884273,0.52990159,-0.487125957,6.553911205,2.759197324,5.356265356
9/1/02,86.1,3.558052434,2.936096718,4.203670811,-4.006163328,3.297546012,-7.185957213,9.38198064,6.296296296,-0.930565497,-0.758097864,6.859971711,3.216374269,5.798525799
10/1/02,80.6,4.064272212,2.988505747,3.964497041,-3.072196621,3.237951807,-0.875273523,12.92517007,-5.564142195,-0.270087779,-0.961538462,7.062146893,2.96327212,5.683488486
11/1/02,84.2,3.345724907,3.216542217,3.959810875,-1.174668029,3.490136571,-9.071038251,9.909228442,-14.82649842,-0.264725347,-1.164383562,7.147862649,3.125,5.97453477
12/1/02,86.7,3.455284553,2.816091954,4.352941176,0.101988781,4.147104851,-12.69146608,6.692913386,-17.17888101,0.562148657,-0.689179876,6.615598886,3.276648693,6.164383562
1/1/03,82.4,1.689545935,2.5128498,4.403992954,-0.863821138,3.429027113,-16.56675749,3.895071542,-39.24441018,-0.053504548,-0.138121547,6.471816284,2.847709451,5.104521147
2/1/03,79.9,1.434878587,2.332195677,4.439252336,-4.050632911,2.959501558,-16.05206074,2.760252366,-35.10802469,-0.99009901,-0.412371134,6.140963015,2.871205906,5.464216634
3/1/03,77.6,1.74863388,2.27014756,4.484566104,-4.387291982,2.950075643,-13.86940097,1.784266018,-34.25287356,-1.140901312,-1.094391245,6.162464986,3.021641486,5.681271064
4/1/03,86,2.149321267,2.2611645,4.357931435,-1.861167002,3.184230478,-13.84698276,1.807228916,-31.77641654,-1.164822365,-1.36425648,5.886475123,3.215303215,5.817307692
5/1/03,92.1,2.282608696,2.250984806,4.292343387,-0.501002004,3.697996918,-13.58490566,-1.369863014,-28.99850523,-0.34904014,-1.304049417,5.762473647,3.203568532,6.190019194
6/1/03,89.7,1.943844492,1.516853933,3.986135182,0.399002494,3.404592241,-11.0274341,-9.058740269,-19.37244202,-0.309405941,-1.311249137,5.151729005,2.902055623,6.160458453
7/1/03,90.9,2.597402597,1.295774648,3.974654378,0.049776008,3.181076672,-2.900107411,-5.284227382,-14.45864156,-0.64808814,-1.385041551,5.59490085,2.857142857,6.092336982
8/1/03,89.3,2.841530055,1.183098592,3.67816092,-1.932606541,3.017944535,-0.482315113,-3.877887789,-10.36585366,-0.877192982,-1.112656467,5.987170349,2.729827379,6.297348485
9/1/03,87.7,2.93398533,1.065619742,3.960964409,-3.118811881,3.075709779,-5.237840727,-2.754399388,-5.66552901,-1.703335699,-1.446280992,5.77746077,3.125,6.486742424
10/1/03,89.6,3.990326481,0.956668542,3.947368421,-2.419753086,2.857142857,2.931769723,2.335640138,1.28663331,-1.511715797,-1.57967033,5.460992908,2.877697842,6.235238545
11/1/03,93.7,4.648390942,0.845546787,3.54488279,-0.58968059,2.890625,10.68580542,0.481695568,-0.147710487,-1.518438178,-2.123287671,5.399719495,2.873104549,6.641544984
12/1/03,92.6,5.18018018,1.245048104,3.491700057,0.881057269,3.233629749,15.12247071,-2.830188679,6.166419019,-0.808823529,-2.142363511,5.226480836,2.861685215,7.055503293
1/1/04,103.8,4.086021505,1.016374929,3.251568739,0.536323745,2.657807309,11.63655685,-1.028806584,6.611570248,-0.880410858,-1.461377871,4.835318851,2.375296912,6.173994387
2/1/04,94.4,4.299889746,0.787401575,3.1303358,-2.621359223,2.105263158,14.85200846,-0.614754098,15.2976639,-1.91424196,-1.040221914,4.674220963,2.325581395,6.090190609
3/1/04,95.8,4.493207941,1.118568233,3.009653606,-3.683955405,2.106084243,17.17597471,-0.466853408,18.42105263,-1.920122888,-1.037344398,4.47761194,2.361275089,6.206577119
4/1/04,94.2,4.731182796,1.112347052,2.551020408,-2.512077295,2.096273292,13.97792958,1.821192053,32.01820941,-1.878287002,-0.758097864,4.700854701,2.394034537,5.732778548
5/1/04,90.2,4.127966976,1.501668521,2.389078498,-1.542912247,2.281667978,10.04206099,1.407284768,27.05530643,-1.426426426,-0.761772853,4.43490701,2.310101801,5.493998153
6/1/04,95.6,3.896103896,1.61200667,2.728823195,-0.096246391,2.526487368,5.839032088,-2.845188285,23.57494722,-1.280120482,-0.767085077,3.879310345,2.301092044,5.755064457
7/1/04,96.7,4.086265607,1.998889506,2.498580352,0.384245917,2.274641955,4.834471886,3.158769742,26.24212736,-1.279157261,-0.98245614,3.316510454,2.13592233,5.229357798
8/1/04,95.9,3.652968037,2.047592695,2.441794435,-2.058401149,1.825726141,4.764397906,3.722084367,25.82225332,-2.187028658,-0.980392157,4.272266474,2.056655025,5.342465753
9/1/04,94.2,4.181184669,2.209944751,2.379603399,-3.533906399,1.76565008,9.04338735,4.128819158,23.00140252,-2.908277405,-1.323119777,4.470079308,2.326483133,5.481955231
10/1/04,91.7,4.838709677,2.482073911,2.437641723,-2.288984263,1.41955836,11.7831074,9.765940274,21.55997057,-2.679217958,-2.154273801,4.731182796,2.090592334,5.056947608
11/1/04,92.8,4.394299287,2.592388307,2.430751837,-0.33269962,1.992031873,6.360792492,6.704361874,16.6793025,-2.217602218,-2.715877437,3.988603989,2.315708221,4.822565969
12/1/04,97.1,4.152249135,3.040353787,2.428006776,0.759013283,2.057613169,6.008359457,2.854743913,17.33535201,-1.791867677,-2.175438596,3.20056899,2.235067437,5.095541401
1/1/05,95.5,3.155339806,3.522289488,2.258610954,0.425531915,1.524132091,0.782064651,2.784407319,14.68584406,-1.789264414,-1.199717713,3.364352183,1.728774491,5.022624434
2/1/05,94.1,2.628285357,2.894593119,2.414373947,-2.268431002,1.243781095,-1.87012987,2.64853257,16.52830189,-2.32708468,-0.844475721,3.663793103,1.804915515,5.182514646
3/1/05,92.6,2.577319588,2.985884908,2.410313901,-2.364066194,1.537216828,-2.538860104,1.899592944,-0.298507463,-1.882487165,-0.701262272,3.804737976,1.9510329,6.294964029
4/1/05,87.7,4.186046512,3.101196953,3.025210084,-0.189035917,2.421307506,5.126877266,0.42887777,0.221402214,-1.298701299,-0.561403509,4.109589041,2.44648318,6.876404494
5/1/05,86.9,4.885993485,3.160762943,2.908277405,0.846660395,2.693877551,12.78467909,-1.531393568,3.100216294,-0.721587492,-0.352858151,4.851556843,2.406417112,6.723442403
6/1/05,96,6.02006689,3.483941208,3.283249861,1.834430856,2.928870293,20.88082902,-5.55984556,1.63599182,-0.352112676,0.071022727,5.098324836,2.327355971,6.532438479
7/1/05,96.5,6.380638064,3.588907015,3.170189099,1.829268293,2.925989673,22.10144928,1.615384615,6.919945726,-0.294985251,0.357398142,4.389173372,2.238239757,6.509139545
8/1/05,89.1,5.375139978,3.412784399,3.157894737,-0.608614232,2.645051195,13.48837209,2.023121387,9.891598916,-0.898741762,-0.644237652,4.239766082,2.309731162,6.714095153
9/1/05,76.9,4.903078677,3.293736501,3.095632946,-2.570093458,2.62295082,7.592975207,1.979522184,10.27027027,-1.254480287,-1.069900143,3.739002933,2.453756134,6.625166741
10/1/05,74.2,5.46875,2.864864865,3.13876652,-1.676758267,2.483974359,12.60936696,7.5,8.20256776,-0.60132291,-1.13960114,4.542124542,2.191159804,6.465899026
11/1/05,81.6,6.830309498,2.818428184,3.066812705,0.464900046,3.493095045,21.45435792,4.517611026,8.560885609,0.357142857,-1.143674053,5.6,2.462121212,6.294326241
12/1/05,91.5,7.235421166,2.658708627,2.942779292,1.856148492,3.781512605,22.62396694,2.358490566,19.54277286,0.939518497,-0.071942446,4.492753623,2.41509434,6.252771619
1/1/06,91.2,4.913294798,2.699784017,2.94438386,1.389532191,3.281519862,12.5257732,1.689933872,15.85903084,0.73612684,0.577617329,3.84057971,1.996233522,5.957634598
2/1/06,86.7,4.766949153,2.577873255,3.208265362,-1.158480074,2.951096121,6.721395587,2.947368421,15.71637427,0.228702115,1.076812635,3.543022415,2.024746907,5.67032967
3/1/06,88.9,4.592901879,2.34791889,2.985884908,-2.211981567,2.753036437,6.935237124,3.404539386,15.35635562,0,1.42551675,3.988397389,2.02020202,6.159895151
4/1/06,87.4,5.626326964,2.393617021,3.196099675,-0.367309458,3.378921963,10.02544529,3.348358017,12.87490856,0.351699883,1.067615658,3.415697674,2.346368715,6.58238884
5/1/06,79.1,6.097560976,2.273929138,2.794196668,0.137299771,3.565640194,11.75572519,1.648998822,18.42293907,0.578703704,0.998573466,3.202328967,2.37829803,6.707317073
6/1/06,84.9,4.916317992,2.21402214,2.628755365,1.050708086,3.497085762,7.426246185,-1.737116387,12.37458194,0.946021146,1.076040172,3.644314869,2.114243323,6.472632493
7/1/06,84.7,5.274043433,1.953537487,2.516059957,1.094391245,3.451251079,10.22380468,4.559270517,8.045212766,0.991735537,1.591895803,4.194260486,2.000741015,6.060606061
8/1/06,82,6.152241919,2.058047493,2.673796791,-1.229508197,3.433476395,17.93699187,4.776674938,12.06096753,0.438116101,1.013758146,4.670126019,2.222222222,6.352636128
9/1/06,85.4,6.900212314,2.211690363,2.407704655,-2.450090744,2.97029703,25.93718338,5.669781931,17.61968085,-0.224971879,0.071736011,4.373610082,2.251753415,5.872193437
10/1/06,93.6,8.615049073,1.938187533,2.076677316,-1.631173539,2.497985496,38.49646821,10.80139373,34.08769448,-0.167037862,-0.071174377,4.415011038,1.950680898,5.644118914
11/1/06,92.1,8.836206897,1.884816754,2.600849257,-0.135808058,3.414634146,32.7612317,8.596491228,46.24819625,0.203252033,-0.568990043,5.583756345,2.396755162,5.907718844
12/1/06,91.7,7.518022657,2.207041513,2.760084926,1.220063263,3.787878788,19.3124368,9.912718204,50.32490975,0.504540868,-0.572246066,6.844380403,2.474150665,6.209573092
1/1/07,96.9,6.387434555,2.202412166,2.861685215,0.631483987,3.186907838,15.4233871,7.904884319,43.68794326,0.203665988,-1.07372942,6.580829757,2.135493373,5.367110348
2/1/07,91.3,6.907545165,2.606882169,2.651113468,-1.707865169,2.611625948,17.44360902,12.85189718,52.05382436,-0.209863589,-0.427655025,6.576125804,1.979472141,4.438753735
3/1/07,88.4,5.831533477,2.379720641,2.432575357,-3.084488154,2.348178138,10.96163428,12,37.56166314,-0.425079702,0.141743444,7.117181884,1.976573939,5.006364022
4/1/07,87.1,5.929304447,1.849948613,2.941176471,-0.759946357,3.233629749,5.87356894,10.78278901,21.78496135,0.151133501,0,7.780979827,2.340036563,5.423728814
5/1/07,88.3,8.170310702,1.646090535,3.305351522,0.446827525,3.839869281,23.4561753,8.969567539,15.15358362,0.302724521,-0.212615167,7.714491709,2.658412236,5.468418822
6/1/07,85.3,8.333333333,1.850899743,3.674540682,1.830357143,4.311073542,32.50249252,4.171180932,15.45281824,0.774793388,-0.285714286,7.748008689,2.648766328,5.668358714
7/1/07,90.4,7.772020725,1.944728762,3.823991619,2.270703473,4.481546573,25.29880478,9.923664122,4.791929382,0.896414343,0.647948164,7.336757153,2.642055737,5.265374895
8/1/07,83.4,7.968574635,2.087576375,4.081632653,-0.889284126,4.490500864,21.34328358,9.116674539,2.884012539,0.293685756,1.366906475,7.62962963,2.926300578,5.847707194
9/1/07,83.4,6.631989597,2.112676056,4.647519582,-1.95903829,4.481327801,2.334823646,7.525150905,-11.0625,-0.131694469,0.427960057,7.290132548,3.276917537,5.98146588
10/1/07,80.9,4.986522911,2.158634538,4.270833333,-0.442869796,3.993480033,-8.353929807,10.80966511,-30.72407045,-0.038328862,-0.567375887,6.710430343,2.940121907,5.453020134
11/1/07,76.1,5.147058824,2.17611336,4.413291796,0.794701987,4.526748971,-2.916460702,7.502517623,-45.07772021,0.149309444,-0.852272727,5.652173913,3.175169461,5.155071249
12/1/07,75.5,5.136612022,2.083333333,4.510108865,1.849405548,4.680851064,2.028698664,5.961331901,-28.18003914,0.19379845,-1.070663812,4.193781634,3.133903134,5.697528278
1/1/08,78.4,3.837719298,1.765002521,4.648760331,1.626373626,4.09051349,-0.049358342,1.311806256,-26.38717633,0,-1.572551823,2.79971285,2.765957447,5.465164789
2/1/08,70.8,4.286043829,2.354302969,4.623128549,-0.268068331,3.781303602,-2.059921415,3.047208122,-14.7771639,-0.27826087,-1.209550962,3.580760948,2.73260332,5.664454583
3/1/08,69.5,4.160854893,2.870870871,4.539690722,-1.300915831,3.452459016,-5.08443143,2.81875916,-6.944819129,-0.520697168,-1.03180212,2.451729107,2.743228983,6.562706271
4/1/08,62.6,4.407322654,3.291315136,4.353973168,-0.35549761,3.584278768,-7.263746959,2.579351536,1.115125536,-0.292196007,-0.827099506,1.184971098,2.743077462,6.728618421
5/1/08,59.8,5.292035398,3.383703704,4.19371458,0.231168831,3.767156863,-3.842002917,1.51521217,1.678140097,-0.231651376,-0.520848057,1.488017429,2.799161718,6.717275339
6/1/08,56.4,5.946996466,3.467225234,3.973805855,1.100474342,3.714045416,8.513841671,-2.328346138,7.524424481,-0.087332054,-0.643212509,1.720845481,2.567237164,6.876583572
7/1/08,61.2,5.728453365,3.615233415,3.916495902,1.47185217,3.755711775,2.466537342,2.118617439,8.060961969,-0.005265677,-0.773638968,1.028487947,2.492163009,6.736371033
8/1/08,63,5.364634146,3.693967631,3.752171691,-1.113490364,3.493540052,-0.637155298,2.254344392,5.464465585,-0.544026654,-0.704074339,1.947947214,2.607093185,7.264908722
9/1/08,70.3,5.87470726,3.798915722,3.795211411,-3.102991453,3.213640099,8.739382239,2.411415525,-1.464765101,-0.937792329,-0.777856636,2.247982392,2.738979521,7.607866991
10/1/08,57.6,7.147435897,4.015361744,3.573895378,-1.60212766,3.104622871,21.79643888,7.817851583,5.854105139,-0.691880988,-1.326487252,2.368421053,2.501214856,7.447272727
11/1/08,55.3,8.07383279,4.293300248,3.44213198,0.061916879,3.876746097,22.88969171,6.749343142,-2.923965937,-0.046089385,-1.035561878,4.06505848,2.751221214,7.737373737
12/1/08,60.1,9.135223555,4.654608523,3.452562151,1.101057082,4.329679595,30.31500241,4.34427057,-1.522451456,0.292363308,-0.607576841,5.325309993,2.815320042,8.181818182
1/1/09,61.2,7.86377709,4.197296656,3.389488754,0.956354977,3.747801497,30.76020749,2.310094084,1.81642718,0.177530033,-0.672501218,4.012993903,2.412110189,6.905351316
2/1/09,56.3,8.3033954,4.122870383,3.232767253,-1.353173153,3.382710033,31.11060102,3.267930122,1.120388464,-0.210841855,-0.365632016,5.571574195,2.440363847,6.485637433
3/1/09,57.3,7.173076923,4.124138065,3.18711583,-1.988362441,3.216622343,18.27908328,2.396650157,2.118148642,-0.329401812,-0.672782441,6.696884018,2.464626751,6.784954547
4/1/09,65.1,7.855338691,4.050588816,3.244058283,-0.858492933,3.70524021,16.45182611,2.585397917,7.764560026,0.027629439,-0.876626831,6.541182655,2.613152811,6.675035954
5/1/09,68.7,7.784824462,4.516492024,2.959823531,0.275833865,3.905246517,12.87586299,2.06774157,13.38095183,0.287645232,-0.797050912,6.082394805,2.581921354,6.413410038
6/1/09,70.8,9.706916764,4.541353095,2.743425307,1.46747384,4.014502026,28.55507094,-0.744745577,19.03482198,0.487208537,-0.82456354,4.703283758,2.458857293,6.620545156
7/1/09,66,11.63274336,4.849279161,2.737265785,1.461117824,4.226431718,44.17335687,3.98041948,27.85616676,0.531235076,-0.647895241,3.645829487,2.486761732,5.778391956
8/1/09,65.7,14.44484412,5.495462132,2.65332732,-0.033961483,4.311467245,52.22323801,6.320748351,43.74813262,0.303057567,-0.581014435,2.672258217,2.689892981,5.461882738
9/1/09,73.5,12.70503597,5.527843062,2.522402111,-1.30517235,4.055715899,39.4645321,6.903564391,35.13193936,-0.020652127,-1.089195297,2.714801337,2.801194481,5.322999851
10/1/09,70.6,12.17181706,5.799383543,2.500352539,-0.279494272,3.729297638,35.66160194,8.97110828,21.32371195,0.012857571,-2.096070491,2.438231469,2.599594059,4.631830374
11/1/09,67.4,8.404730618,5.792260809,2.271263433,0.427036025,3.785353619,2.560312566,6.93906332,11.77986921,0.051190405,-2.836061958,1.900917431,2.594465912,4.378807978
12/1/09,72.5,3.164238411,5.806623626,2.178620803,1.231663381,3.664899329,-34.16668236,5.497098797,8.432310204,0.100682099,-3.074692531,2.712491951,2.423623174,4.320816311
1/1/10,74.4,-1.086734694,5.186185333,1.89500591,0.524607056,2.557968824,-53.12802034,5.060191719,7.124227395,-0.280371708,-3.231434803,2.196934815,1.833725517,3.161495996
2/1/10,73.6,-0.776836158,4.881125025,1.932494339,-1.255481247,2.421099975,-48.32792496,6.152921329,0.682679862,-0.537182031,-2.142185228,2.838294968,1.911660419,3.55252656
3/1/10,73.6,-1.920863309,4.50760556,1.637652634,-0.836932496,2.332045565,-51.3710871,5.427183658,-8.808977505,-0.335996512,-1.092473911,3.592505544,1.781990394,4.310527717
4/1/10,72.2,-3.376996805,3.43678284,1.777129406,0.175890036,2.931710792,-57.69765506,4.195471207,-21.19189283,0.206647009,-0.399557936,4.40687997,1.900650276,4.448888838
5/1/10,73.6,-5.672240803,2.841685439,1.734278532,0.998771868,3.281933218,-66.49456269,2.109841863,-35.57555141,0.701308955,0.137904562,6.744685117,1.814198904,4.325338686
6/1/10,76,-8.792553191,2.047391632,1.517346121,1.920407782,3.055059435,-70.17021336,-0.976285651,-45.65559521,0.897748807,0.461675898,7.064587112,1.43973116,4.579734779
7/1/10,67.8,-6.97875817,1.081540616,1.220327339,1.799378603,2.831483862,-56.39149251,0.246432345,-54.11919545,0.841580595,0.947432544,7.370700239,1.245008939,4.341594142
8/1/10,68.9,-5.928571429,0.392083474,0.896419863,-0.305815346,2.469581357,-47.84179309,-0.480232403,-43.22368585,0.614692544,1.896483886,6.915834608,1.226089226,4.518634899
9/1/10,68.2,-4.19487909,-0.17917297,0.824730906,-1.630046463,2.256371319,-40.74296096,-0.069848661,-32.30754511,0.315592361,1.196202892,7.806705489,1.363293294,4.458133698
10/1/10,67.7,-1.048611111,-0.650588947,0.649389254,0.093953507,2.547385126,-21.12218521,2.542589214,-31.74405915,0.865319499,1.643691481,8.982035928,1.263730134,4.453632066
11/1/10,71.6,6.784810127,-0.761680593,0.52814169,1.101068068,3.332453695,15.8973649,1.575704942,-28.3731524,1.54010395,3.500527682,8.357572964,1.405906827,4.573204362
12/1/10,74.5,10.1530782,-0.709705653,0.3208976,2.167737055,3.659099062,37.74317446,-0.433943409,-21.88784233,1.996577051,4.685120809,7.697947214,1.291053455,4.997410865
1/1/11,74.2,7.852941176,-0.629904851,0.116770209,1.844852448,2.880694294,32.19468528,-1.995624256,-19.16459724,1.881938326,4.014060714,6.170041944,0.826005507,3.824324478
2/1/11,77.5,7.982238011,-0.216783777,-0.480933916,-0.861947833,2.020618557,31.0581804,-2.252615611,-10.10254662,1.306881383,3.248734583,6.192896427,0.652582532,4.116470797
3/1/11,67.5,7.036649215,0.019745286,-0.623770079,-1.474173885,1.601860541,27.15526507,-2.751063602,-3.713992581,0.98899985,2.993039771,7.396126617,0.6008425,5.133001693
4/1/11,69.8,6.74500768,0.382198462,-0.763148848,-0.454765826,1.555093825,27.67690503,0.03055958,1.215827985,0.986906693,2.622658591,7.447557892,0.608265703,5.250208177
5/1/11,74.3,6.045123726,0.6527757,-0.773140263,0.157024231,1.673908223,23.1006535,-0.441858905,2.904755425,0.991428446,2.115762855,7.278673,0.696101373,5.126080176
6/1/11,71.5,3.509887006,0.703778055,-0.626225248,0.884597502,1.607757641,9.37327563,-3.329106178,1.308497229,1.031639481,1.430382421,7.545001068,0.602593515,5.046373401
7/1/11,63.7,3.960606061,0.88135184,-0.392847778,1.083287511,1.656287839,7.416913608,0.695588337,0.627851303,1.027439565,1.023589207,7.834331704,0.599548367,4.853574699
8/1/11,55.8,3.313546423,0.860846762,-0.500975269,-0.754251179,1.418936225,4.058361719,1.57829993,4.22010486,0.846257733,2.294954356,6.202267303,0.538592596,4.646677253
9/1/11,59.5,3.187755102,1.028851363,-0.453378011,-2.329049977,1.154511904,6.617697161,1.513543905,6.16836287,0.267340716,1.781698183,5.357567471,0.652970218,4.50440999
10/1/11,60.8,3.203966006,1.279969654,-0.494361974,-1.196508614,0.948402394,5.951135092,4.586090368,0.964932555,0.004947175,0.067428071,5.409126672,0.633311607,5.163976472
11/1/11,63.7,3.53264095,1.359034808,-0.238531857,-0.00441393,1.384068918,5.382423406,1.65725957,-3.21296908,0.082059752,-0.682555901,5.428182466,0.881554128,4.942811684
12/1/11,69.9,3.936551724,1.408665935,-0.103715398,0.859083778,1.719212112,9.128508124,0.361187907,-4.470403654,0.110762899,-0.442869796,6.173977545,1.061575947,5.032358387
1/1/12,75,3.349462366,1.258035784,0.572111182,0.561616553,1.464714856,9.810710359,0.77355205,-7.540274902,-0.148093113,-0.122969432,4.832676243,0.983271818,3.805357217
2/1/12,75.3,4.730978261,1.807226136,0.743072587,-0.889123659,1.324988012,17.12631798,1.636458067,-7.424722833,-0.432740356,0.051492231,4.367991588,1.033036719,3.213131211
3/1/12,76.2,4.997282609,2.074153039,0.91785013,-1.494066491,1.599043195,15.13894481,0.201385261,-3.989717604,-0.350810899,1.07895484,5.168109668,1.189084876,4.071124948
4/1/12,76.4,7.559556787,2.754014743,1.003152243,-0.345621655,2.066430332,26.32728358,0.334769815,-1.52673361,0.246258257,1.863091233,5.90270239,1.233884941,3.959833624
5/1/12,79.3,9.141304348,3.089679069,1.041348464,0.491681713,2.417235509,35.80673891,-0.444164499,-0.726550807,0.710629974,2.579784277,6.764428312,1.253004703,4.309839487
6/1/12,73.2,10.525,3.512031748,1.078505142,1.591655088,2.762869869,46.4533478,-2.104485641,-1.551549806,1.216909764,3.481056802,6.916939994,1.222656945,4.336806953
7/1/12,72.3,11.37315634,3.798432189,1.253455212,2.145473574,3.152332362,37.7170543,0.821048225,-3.002763553,1.498414087,4.011507448,7.274091012,1.28616135,4.505034338
8/1/12,74.3,11.04499274,4.123456338,1.550938582,0.846516121,3.096848295,35.04836358,1.845519119,-1.952148554,1.19587737,3.941175649,6.766385402,1.404975213,4.709876796
9/1/12,78.3,11.8856305,4.31012777,1.707845372,0.215635158,3.278214377,35.80328696,2.138306179,1.521419126,1.247830038,3.449042859,6.254140429,1.584527112,3.991688783
10/1/12,82.6,12.07976366,4.645856861,1.803002889,1.133128528,3.438025708,31.29111712,5.983041578,-0.600059536,1.460389761,3.113977838,6.563703763,1.619516455,3.972393094
11/1/12,82.7,10.6396648,4.548840738,1.896843573,2.446655127,3.840392434,23.20456418,3.603511429,-0.478219747,1.907533494,3.003607393,6.632808091,1.686269311,4.681476314
12/1/12,72.9,9.46442953,4.51822483,1.959632032,3.696185876,4.288944787,16.75736604,1.755451024,-2.860458585,2.150659622,2.918854582,6.801763768,1.781846727,5.234965056
1/1/13,73.8,7.343665768,4.126726091,2.035789256,2.726533425,3.911232257,7.081741134,1.362749501,-4.312614318,1.654941481,2.819839686,5.992441965,1.706962992,4.80386678
2/1/13,77.6,6.910967742,3.935221794,2.052759682,1.494854436,3.57019152,8.941262987,1.503939857,-6.460411841,1.195502658,2.282342463,5.718546212,1.696836101,4.434242865
3/1/13,78.6,6.216296296,3.099786546,2.128207519,0.809888151,3.442276932,1.118512227,0.712222465,-8.039135624,1.078277781,2.396426794,6.514269487,1.722700664,5.149778243
4/1/13,76.4,6.426934097,2.898544281,2.239109664,2.009488363,3.777428698,2.006978467,0.253626084,-8.886019977,1.312116287,1.98878896,6.324666695,1.852017481,5.153159783
5/1/13,84.5,5.546433378,2.701315254,2.377720984,2.479055294,3.900352496,-0.559826129,-0.99881602,-10.53677019,1.309086569,1.392312076,6.078150659,1.933729759,5.406050897
6/1/13,84.1,5.724475524,2.527002242,2.317649386,2.830661921,3.907014547,2.695083396,-2.417625329,-14.26489923,1.225664193,0.92424232,6.311602612,1.931799248,5.850125598
7/1/13,85.1,5.582417582,2.302121971,2.179165098,2.569549783,3.969857708,-4.002860137,-0.337639084,-12.62605419,1.199128102,1.102511582,6.436541681,1.937629373,6.290633563
8/1/13,82.1,4.586021505,1.858791852,2.100734212,0.29841992,3.306539857,-6.982211321,-0.656666742,-11.60682113,0.523532183,1.112487086,7.484876376,1.845281216,6.480488107
9/1/13,77.5,5.865546218,1.569930671,2.158382535,-0.674402774,3.118813462,3.465038071,-0.952048101,-8.838648864,0.216678252,0.964330012,7.639776863,1.906621967,6.252392218
10/1/13,73.2,8.200657895,1.54800129,2.186670362,0.410768453,3.164041069,15.00421182,1.901127834,-8.472967417,0.370819998,0.809149509,6.846739397,1.91126573,5.94685848
11/1/13,75.1,7.985871272,1.646554392,2.248634896,1.606346528,3.470165377,13.42155259,0.46190245,-7.11309416,0.681661362,0.868463535,6.406232485,1.982707946,5.468636456
12/1/13,82.5,6.507868383,1.637775178,2.187798253,2.401337793,3.663238034,7.681926436,-0.334861585,-3.605201865,0.874332886,1.239643936,4.918399754,1.955973036,5.540862638
1/1/14,81.2,3.914666667,1.528246531,2.21003992,1.395219086,3.108799803,-2.268996686,-0.596020113,-1.521599901,0.240848879,1.194138241,2.42822683,1.812874201,4.837356022
2/1/14,81.6,3.475431607,1.70032021,2.236150599,0.53931932,3.03863371,-8.188620455,0.439890388,0.954535337,-0.080116404,1.053686881,1.509776478,1.885393848,4.834907789
3/1/14,80,3.640419948,1.482614912,2.255031364,-0.373814948,2.905121878,-6.355389424,0.785675299,1.92143556,-0.327593997,1.066755168,0.843089713,1.936144159,5.725394197
4/1/14,84.1,3.518324607,1.377317078,2.197010007,-0.080451151,2.917850333,-7.073173923,0.412221289,3.925765826,-0.215648902,0.990747619,1.479359544,1.922476431,5.54715531
5/1/14,81.9,3.424968474,1.495115636,2.241669847,0.45739732,2.845999624,-6.877117795,-0.496285584,9.83691801,-0.017849971,1.207269288,1.497219548,1.800492899,4.773871148
6/1/14,82.5,4.736338798,1.207523161,2.332219289,1.055631919,2.860884215,2.87325071,-1.761334268,9.008477016,0.023022263,1.074970384,-0.196720857,1.761222506,3.793525221
7/1/14,81.8,6.085753804,1.368374188,2.413564541,1.518551213,3.063777596,7.27033881,1.833853359,8.157172508,0.152173379,1.442872969,-0.841246796,1.790788186,3.935376968
8/1/14,82.5,4.32974428,1.276157983,2.387254316,0.251118779,2.910138547,-2.594745347,2.104406061,5.620840933,-0.157273445,1.343682247,-0.925919485,1.812776038,4.050604935
9/1/14,84.6,3.154533844,1.31672767,2.400556304,-1.108688665,2.703879344,-8.901551261,1.78418784,4.605977456,-0.396285131,1.076891837,0.183684119,1.834261187,4.358174334
10/1/14,86.9,3.428571429,1.156854014,2.344119263,-0.640609545,2.669021536,-7.625088639,4.509280534,3.777551608,-0.227154959,0.97678943,0.527043073,1.792904625,4.691515797
11/1/14,88.8,4.020556227,1.084610005,2.324306173,0.577510647,3.009114553,-3.383593571,2.869543925,1.087381475,0.190956711,0.492246774,2.205689338,1.854405672,4.203953993
12/1/14,93.6,4.757201646,0.988671652,2.483059442,1.455454391,3.350417012,-2.105326945,1.947788212,-0.032833192,0.46447677,0.315601795,2.976973571,1.921342776,3.859773371
1/1/15,98.1,3.75203252,0.942765329,2.578693366,0.681935251,2.717203879,-1.573320899,1.228279048,0.668808636,-0.125293566,-0.071676269,-0.167956619,1.711440939,3.201733949
2/1/15,95.4,2.255154639,1.076815727,2.615766636,-0.777848948,2.323776949,-12.32016246,2.628765746,4.156332322,-0.621334823,-0.03059289,1.611101593,1.659066102,2.812149273
3/1/15,93,2.554707379,1.372581872,2.669201102,-1.066713634,2.356582137,-12.74779877,2.618903803,7.658777649,-0.705409698,0.292451106,3.335182788,1.726442282,3.529073074
4/1/15,95.9,4.92408377,1.630750309,2.792250322,0.010317985,2.853462258,-1.436313434,3.111619355,11.91500517,-0.434834439,0.108113952,2.923632583,1.957690736,4.069077816
5/1/15,90.7,4.884023669,2.054991522,2.816615494,0.639434461,3.162904839,2.134394462,-0.290959942,8.869145157,-0.096554726,0.520431505,5.118700969,2.035044316,4.410131743
6/1/15,96.1,5.227110583,2.324585446,2.919233691,1.049479256,3.477675211,2.235062489,-0.647636862,6.106248533,0.038427909,0.428808902,5.199348284,2.151948406,4.086719996
7/1/15,93.1,5.578143361,2.33822497,2.913349973,1.172698574,3.514068349,3.18573775,2.570395579,5.446744743,0.121225107,0.232174955,5.867861603,2.10683264,3.903118098
8/1/15,91.9,5.326431181,2.473094832,2.96103196,-0.425225498,3.08507001,1.775392943,3.043752323,7.576469685,-0.365809468,0.523496138,5.988328883,2.032531214,3.169486038
9/1/15,87.2,4.778064516,2.679063331,3.01954791,-1.503853269,2.709308332,-1.984394034,2.634138992,5.090719539,-0.657761879,0.281730203,5.656654544,1.950512143,2.599054636
10/1/15,90,6.12704918,2.881659288,3.12681388,-0.281845521,2.806897078,1.665235029,5.050532886,5.013673201,-0.315007875,0.265198154,6.096035412,1.90619833,2.86841311
11/1/15,91.3,5.810918775,2.968648769,3.040172812,0.951426763,3.221694287,-2.130987957,3.285935129,3.13560438,0.202849135,0.450435149,6.397835804,1.970884791,3.179797224
12/1/15,92.6,3.76,3.094628168,3.026257232,0.962333038,3.35913839,-13.44723404,1.713742118,2.857965189,0.093696862,0.488798649,9.477518763,2.070095656,3.524555278
1/1/16,92,1.103448276,3.31101763,2.979135568,-0.12476957,2.742305371,-26.8529573,0.435788379,1.441194724,-0.498938783,0.441020373,8.907321086,1.853567568,3.028169743
2/1/16,91.7,-1.316176471,2.891630924,3.041251754,-1.108863807,2.52842788,-44.33845176,2.052350818,-3.417497429,-0.883419759,0.093509614,6.770203728,1.869631573,2.540077971
3/1/16,91,-1.96375,2.559534138,2.987352722,-1.651589529,2.459499721,-46.25368806,1.499356246,-12.42437454,-0.734925253,0.67719017,9.509525241,1.835278458,2.559018654
4/1/16,89,-1.133174792,2.037777553,3.040527937,-0.514645456,2.744756189,-42.05861673,2.295970952,-13.22903138,-0.356576862,0.57592368,9.17368665,1.866181156,2.876577807
5/1/16,94.7,-1.588522589,1.510718789,3.006501436,-0.13718184,2.92564534,-42.84057825,-0.168853998,-13.28592507,-0.078521916,0.770409755,8.797747907,1.855713583,3.802420125
6/1/16,93.5,-0.652121212,1.507491305,3.039407202,-0.081066374,3.112284175,-33.66014856,-3.092977816,-12.01219148,-0.038671604,1.238722661,7.820383796,1.921777032,4.03176376
7/1/16,90,0.474327628,1.55383001,3.039447448,0.11406802,3.382406033,-29.09573441,-0.14736184,-11.67989721,-0.004218097,1.201076121,6.733704804,2.022704657,3.52979583
8/1/16,89.8,0.972121212,1.414745304,3.214215397,-1.148832567,3.292874982,-23.87954477,-0.246806812,-9.775360584,-0.433246358,0.874289341,7.184331576,2.140940668,3.744682008
9/1/16,91.2,0.336879433,1.370409737,3.19167212,-2.122976062,2.923483012,-26.67423097,0.248791729,-9.528304519,-0.796178344,0.559524133,6.846037839,2.103959324,3.320935536
10/1/16,87.2,0.589182969,1.527167664,3.269951729,-1.254354123,2.99027743,-28.6074691,2.707368467,-8.727566568,-0.581388861,0.178932101,6.439927276,2.087351728,3.529722375
11/1/16,93.8,1.899774775,1.423241909,3.257210853,0.154697991,3.671438426,-21.77447669,1.080932588,-9.431758252,0.036402737,0.023900737,5.651244871,2.238964835,4.313121175
12/1/16,98.2,2.696581197,0.974396539,3.302509371,1.130304346,4.276193704,-13.69615747,-0.803924728,-12.31575083,0.271721303,0.192934464,4.460702684,2.407433881,4.560825077
1/1/17,98.5,2.872579001,0.859623375,3.256335374,0.096447107,3.69796045,-2.359894336,-3.448704238,-11.25895894,-0.191423341,0.178787147,3.445734794,2.205840334,4.024863711
2/1/17,96.3,2.299790356,0.791574714,3.344489746,-0.9362181,3.57151466,-9.708725732,-2.836060611,-8.368631886,-0.595477589,0.076152057,2.66720961,2.278179493,4.763392107
3/1/17,96.9,1.066666667,1.073187672,3.350238954,-0.969383692,3.597021326,-25.25356021,-1.562369454,-7.096369977,-0.604365973,0.472472036,5.041538482,2.350315682,5.621676289
4/1/17,97,1.598540146,0.856723824,3.300379672,-0.420934069,3.542961125,-18.65369186,-1.713535164,-4.85839974,-0.567826789,0.260008282,5.442899272,2.30259723,4.459111182
5/1/17,97.1,1.605292172,0.839343159,3.382486121,0.247546158,3.834501861,-21.62655554,-2.479321493,-4.097109537,-0.276071545,0.004081244,6.218177146,2.355863718,4.678549543
6/1/17,95,1.655567118,0.385102121,3.470925783,1.007603743,4.153528498,-19.0692128,-5.089548205,-4.235565692,-0.130324899,-0.135888121,4.966011701,2.462456703,5.887589689
7/1/17,93.4,2.539205156,0.220402759,3.435063543,1.025672236,4.370060437,-15.2844462,-1.202940887,-3.151021691,-0.12597322,0.062447674,6.296804708,2.537756696,5.795170139
8/1/17,96.8,2.51577802,-0.035247319,3.4725642,-0.541938618,4.089219331,-14.53527906,-0.691067315,-0.350347103,-0.599195752,0.284620871,7.123186825,2.55630953,6.703470293
9/1/17,95.1,3.330275229,-0.31351783,3.472948827,-1.30691715,3.826824335,-7.340595581,0.043428119,1.646647862,-0.843730031,0.097610922,11.16190216,2.553226178,7.50702927
10/1/17,100.7,3.988888889,-0.413306536,3.59389761,-0.361370008,3.666393709,-2.155870238,4.408846828,3.141475847,-0.590884571,-0.011603779,12.45461247,2.391442396,6.334665815
11/1/17,98.5,4.811610077,-0.300417973,3.721557187,1.165778775,4.048363101,2.727030626,2.054525147,4.592575032,0.04881141,0.063176399,11.9247432,2.379549014,5.854336308
12/1/17,95.9,5.213822894,-0.196596554,3.806515556,1.62140753,4.436771125,5.343364277,0.666867228,5.809591302,0.045587046,0.145306597,11.24529176,2.535842042,6.141798956
1/1/18,95.7,4.908695652,-0.265072853,3.765607824,0.267522928,3.779189025,9.954279265,-0.013405295,5.621920667,-0.675343262,-0.108481603,9.594048394,2.346578478,5.0764708
2/1/18,99.7,6.246455834,-0.228163181,3.727585014,-0.871347126,3.506494541,21.08270922,1.748143164,8.067032707,-0.955885653,0.397652479,8.575687269,2.310235589,4.403581249
3/1/18,101.4,6.012087912,0.296474224,3.798346161,-0.465414805,3.75509115,12.82726763,2.306346709,8.961069106,-0.792523026,0.52334201,9.237183509,2.429177728,5.3899377
4/1/18,98.8,5.101123596,0.421715198,3.689648921,0.167918476,3.36385693,7.453277839,2.106475502,8.23925304,-0.673457471,0.442124655,8.517529328,2.160822113,4.906697255
5/1/18,98,4.535374868,0.721395002,3.585146214,0.206027435,3.20762692,5.82239925,0.824701658,8.585237858,-0.36453024,0.554605758,7.69746556,1.989963136,4.062691674
6/1/18,98.2,3.973262032,0.949721598,3.489137325,0.379057672,3.220638868,1.113828422,-1.419095127,8.894291576,-0.25526893,0.541517486,6.200550104,1.917690212,3.918179477
7/1/18,97.9,4.807777778,0.877703343,3.509274887,0.554546589,3.470698204,4.293948592,2.392915495,6.385829602,-0.157282164,0.098735086,6.38802602,1.982910923,3.337490999
8/1/18,96.2,4.384187082,1.012667688,3.353838205,-0.824558433,2.929423165,4.751931303,2.890561056,4.474797173,-0.74370883,-0.360341739,5.586417018,1.861835069,2.403880082
9/1/18,100.1,4.485745614,1.117103236,3.444699159,-1.474675327,2.903549821,6.104184842,2.42342003,3.622056059,-1.004937274,-0.540663085,4.759076854,1.965563877,2.532630803
10/1/18,98.6,5.837155963,1.246850812,3.362629735,-0.747482651,2.856638635,13.57245464,5.938476973,2.452555027,-0.953612413,-1.275900646,2.775432959,1.950550039,2.671937466
11/1/18,97.5,5.66098081,1.370192208,3.466119859,0.750444004,3.46294857,10.45994214,3.864493409,2.415953967,-0.19108014,-1.493156654,3.739449217,2.032351833,2.728385538
12/1/18,98.3,5.33299389,1.437257696,3.376324553,0.942108604,3.553576816,11.36416547,2.534262308,2.741378122,-0.222109745,-1.29256341,4.594056986,2.018511092,2.557051466
1/1/19,91.2,3.741116751,1.503465259,3.490617379,-0.842158294,2.823183413,4.167016551,1.539057957,1.749256931,-0.996988144,-1.611193849,3.988632699,1.862354671,1.933824322
2/1/19,93.8,4.427829699,1.49505548,3.485637325,-1.301677514,2.771609833,8.699824403,1.859306684,-0.149697698,-0.996143773,-1.375912912,3.200150343,1.85972059,2.22112693
3/1/19,98.4,5.356037152,1.238715182,3.519442795,-0.563705883,3.50331384,9.233554857,2.584505697,4.279213581,-0.652982343,-1.192905784,3.726193762,2.180692806,2.911391205
4/1/19,97.2,5.18556701,1.135266886,3.634374912,0.086224095,3.870696305,5.741489894,1.695665273,1.920927464,-0.356321373,-1.187656609,5.774736119,2.31465232,3.425549971
5/1/19,100,5.98661174,1.182921796,3.70401485,0.945149615,4.10072454,12.51652868,-0.63311386,-0.276905686,0.006861024,-1.35337206,4.625995555,2.296918618,3.656939591
6/1/19,98.2,6.982105263,1.263089139,3.840733475,1.25565668,4.376955789,19.52867698,-3.020676993,-1.090626642,0.095559335,-0.631497403,5.128274776,2.379965017,3.583219463
7/1/19,98.4,7.711991435,1.218206924,3.799988009,0.973205767,4.703433073,21.71662644,-0.549278482,-0.971342218,0.184737896,0.258485912,3.296395102,2.47014215,3.648242404
8/1/19,89.8,6.701446281,1.274443118,3.651549693,-0.440275139,4.355320709,17.12429692,-0.563636364,-0.723030154,-0.019580065,0.56569026,0.576479631,2.383014006,3.40688261
9/1/19,93.2,5.601472135,1.265299673,3.704958816,-1.902833063,3.957081545,7.980121847,-0.064883944,0.805072507,-0.295739377,0.77164349,2.966139675,2.348962206,2.736641579
10/1/19,95.5,5.735849057,1.319208799,3.46865938,-0.708078746,3.697615189,13.25708293,2.338614124,-1.080199977,-0.366646749,0.587081436,2.413921639,2.256536476,2.755460649
11/1/19,96.8,6.310659898,1.206069672,3.571329047,1.230799854,4.442654588,11.66348445,1.706306555,-2.274747611,0.483562339,0.101887714,0.917204109,2.319415957,3.193447107
12/1/19,99.3,5.749739312,1.2862845,3.503551622,1.428769823,4.598968611,7.335599744,0.430388272,-2.921221078,0.508785793,-0.487917727,0.38970257,2.297631858,3.701474011
1/1/20,99.8,3.517241379,1.41204759,3.53399874,-0.573854023,3.635516006,-4.576693188,0.208216044,3.492870091,-0.334186658,-0.606622646,-1.806851887,2.094809976,2.89675425
2/1/20,101,2.729187563,1.714519802,3.652522754,-1.371039949,3.427682147,-10.25322246,-0.021985753,0.260226572,-0.289601631,0.174500734,-1.497203812,2.029975784,3.231697927
3/1/20,89.1,3.177514793,1.958694311,3.669288531,-0.975355301,3.502223881,-7.84186119,0.293557601,-0.7690003,-0.249763546,0.344019304,-2.627328304,2.089029973,3.369061147
4/1/20,71.8,3.700404858,1.921403654,3.690082138,-1.171006149,3.718934797,-6.100573874,0.714635503,-0.109456779,-0.078591999,1.184447155,-0.623677851,2.172524633,3.477986342
5/1/20,72.3,4.040816327,1.773137034,3.703176411,-0.919141613,3.788504386,-2.562250213,-0.831451689,-1.136160567,0.061123285,1.030087395,-1.6932128,2.129078997,3.712518867
6/1/20,78.1,4.178207739,1.845715488,3.889527466,-0.310238522,3.902474039,-0.517662216,-2.448365477,-1.528425233,0.127782908,0.760553811,-2.766747179,2.112582799,4.041540169
7/1/20,72.5,4.225740552,1.727736641,3.903421951,0.298003571,4.32301292,-3.951261697,0.018633639,-1.575952272,0.348711511,0.619347843,-1.700722056,2.240060321,4.46657599
8/1/20,74.1,4.5997921,1.630008011,3.848410508,-0.092555436,4.535839996,-2.855293552,0.443972359,-3.116526814,0.488304279,0.61699594,-1.295253474,2.297662565,5.674504537
9/1/20,80.4,4.114885115,1.578995322,3.872560971,-1.227376406,4.504080352,-7.193852083,0.902004631,-1.06571524,0.68489124,0.515869424,1.361561953,2.327775369,6.355512022
10/1/20,81.8,3.929006085,1.856575123,3.948144942,-0.676222048,4.228243021,-8.606786766,1.970503521,-1.51365736,0.273745334,0.184550488,-0.090666813,2.347351065,6.554703221
11/1/20,76.9,5.444102564,1.804093034,3.772259864,0.391650361,4.765678153,-0.082206055,1.482702512,-0.326265053,0.60946526,-0.069666021,1.947526504,2.448129292,7.456274189
12/1/20,80.7,6.078331638,1.660211835,3.704514278,0.7881281,4.998921395,7.882802036,-0.128209963,-3.973660848,0.490002722,-0.278633436,3.308788306,2.526243423,7.611063178
1/1/21,79,5.769736842,1.56925375,3.605384103,-1.057834235,3.931482903,10.63462529,-0.593954094,-3.059927935,-0.539682187,-0.583076196,5.274073671,2.344270453,7.03246261
2/1/21,76.8,5.538379531,1.598252999,3.659821265,-1.521307216,3.89235141,7.759446066,0.52188886,-0.321419937,-0.615604458,0.018671037,5.69328787,2.409848948,7.505710671
3/1/21,84.9,4.548780488,1.684093752,3.660339722,-0.427549825,4.318479946,-2.63867459,0.551752914,-1.242077018,-0.223448926,0.010345256,3.473218394,2.499683851,8.077891175
4/1/21,88.3,2.640946502,2.072800413,3.25191878,-0.546221677,3.966799955,-17.64710367,0.324749798,-0.954755967,-0.077775958,-0.49430104,2.192911255,2.235243511,8.500959853
5/1/21,82.9,0.297,3.339424894,2.855114848,-1.903605337,2.812045423,-32.62119654,-0.505203279,-0.506296921,-0.499922998,-0.451345383,1.926736603,1.724635627,8.45558054
6/1/21,85.5,0.255600815,3.956383739,2.722987222,-2.883166797,2.118805,-27.93367202,-2.461959239,-0.14315407,-0.887752924,-0.134984529,3.284560125,1.476827719,8.821252858
7/1/21,81.2,1.245934959,4.479851581,2.576155065,-2.329841864,2.239667324,-22.2251732,-0.36557377,0.544542479,-0.92174725,0.050537218,2.707518618,1.537296399,8.653996987
8/1/21,70.3,2.831848552,3.992859314,2.663306077,-2.935153584,2.858275168,-14.84958492,0.431888711,-0.581696976,-0.661489961,0.930210074,1.268640411,1.797034919,8.337689261
9/1/21,72.8,3.389484979,3.930534081,2.451470844,-3.342321088,3.333622027,-14.00526232,0.320523897,0.62414146,0.480182651,1.077484854,4.030743072,1.72819013,7.943378603
10/1/21,71.7,3.072251309,3.733883565,2.382494199,-2.119291159,3.166764431,-14.81934211,2.366818615,1.285069234,0.898083222,1.130885272,-0.320464433,1.45450563,6.427526139
11/1/21,67.4,3.285123967,3.734331747,2.234202916,-1.185904711,3.431284862,-15.00633704,2.237987746,0.297578019,1.479353722,1.550214998,-1.821201142,1.354480778,5.35550916
12/1/21,70.6,3.277945619,3.561838941,2.132192888,-0.778595301,3.809891614,-15.56910186,1.774907475,2.657766122,1.629696174,1.289532606,-5.965668171,1.428781549,4.765824806
1/1/22,67.2,2.508016032,3.677932791,1.810228364,-1.984314671,2.666048836,-12.41334717,1.038280252,3.063419144,1.024260925,1.280550679,-5.711258854,1.064889952,3.34992734
2/1/22,62.8,2.875247525,3.569302376,1.546789229,-2.050338539,1.998585641,-4.103371896,1.402187999,4.826091055,0.797811849,1.088482418,-4.840903094,0.827655764,3.831619216
3/1/22,59.4,5.498316498,3.410495322,1.745474484,-1.176126209,2.733109882,7.288860956,2.802106773,6.630325743,1.07341089,1.65217872,-6.520350181,1.136806953,4.212041048
4/1/22,65.2,11.82172702,2.053910269,2.085820475,0.725050942,4.750240722,29.59949491,3.249433066,8.469010614,2.114443431,1.611274745,-5.986109505,1.779318644,3.796940276
5/1/22,58.4,14.74412172,1.805424464,2.325746216,1.869078354,7.129392051,31.63104451,3.939404728,9.346283752,4.12973217,1.867603033,-4.768309084,2.202423082,2.744157689
6/1/22,50,14.59411012,1.698623335,2.480402741,1.910424829,8.359335506,29.19542474,1.48687858,10.45689327,5.532279056,3.523245725,-4.804633331,2.344252184,1.891403584
7/1/22,51.5,17.37241379,2.881115858,2.824989201,1.856557415,9.202131849,27.85997916,3.982571748,12.80824422,6.958255272,4.902015366,-5.872681881,2.278232048,0.929107102
8/1/22,58.2,17.6585695,3.407228434,3.221332778,0.850414037,8.933868735,30.21588355,5.138622467,14.37477031,6.279805411,6.734254527,-6.163677313,2.449086555,1.203401785
9/1/22,58.6,16.5261194,3.829337636,3.33738473,0.562617148,8.757980461,30.31361734,5.45873152,13.85883376,6.100434623,7.728479904,-4.985036746,2.491443251,1.727477738
10/1/22,59.9,17.0195599,4.498287171,3.684735568,1.29313636,8.857785386,31.76275768,7.397091166,16.25226145,6.071812139,8.40141938,-2.385168564,2.561183686,1.894749004
11/1/22,56.7,21.27438231,5.508994001,4.134091887,2.355392448,10.4149157,37.44048569,8.450554078,19.38471469,7.141820941,9.923842196,0.130349919,2.794276814,2.925473645
12/1/22,59.8,21.65303594,5.900780884,4.552387354,2.421873334,11.82166139,38.10218924,6.811175834,20.27195335,7.805075041,10.6112843,1.047682288,3.15251071,3.712428779
1/1/23,64.9,21.79746835,6.352501319,4.939619093,0.999284703,12.01596129,30.68673426,6.138684513,19.81815817,8.187266454,11.83506539,1.382408269,3.276157078,2.816037328
2/1/23,66.9,23.61197917,7.091637707,5.059961315,1.239958192,12.7502125,25.38899725,9.556180054,19.435663,8.993694196,12.32973002,5.403471224,3.477147544,3.368057848
3/1/23,62,22.18963486,8.027499556,5.433005934,2.158528491,13.53750849,21.4590395,8.045563936,18.87377152,9.373249149,12.7113346,6.15653525,3.749556798,3.766514973
4/1/23,63.7,23.1596829,8.549207276,5.569183947,2.494806889,12.71134465,41.57273842,8.682002985,17.17537175,7.725550022,12.11619918,5.203746698,3.889112711,4.994519807
5/1/23,59,24.02171291,9.066661714,5.884307054,1.85931812,12.36285769,36.11255088,8.295018429,18.02822384,6.438563347,11.53353436,5.334455085,4.200524403,5.864408413
6/1/23,64.2,24.09356725,9.480448737,5.930861567,1.99080384,11.87460523,43.95222451,7.769751542,23.96297702,5.065711363,10.62762422,6.829967645,4.441611192,6.699788285
7/1/23,71.5,28.7044335,9.897693432,6.180416323,2.248051847,13.04523086,55.34236564,10.84141103,31.21639903,5.312627707,9.843269841,7.292481696,4.859920866,7.344635948
8/1/23,69.4,32.3029872,10.66758783,6.687215512,1.18861265,13.31666584,42.75527983,11.98747153,24.67436094,5.028692985,9.557992349,9.071426771,5.226985373,7.753015421
9/1/23,67.8,30.02884615,10.72800846,6.998358011,1.162566658,14.01390532,25.10147061,12.70397862,26.79186011,5.266534806,9.159009699,8.85524575,5.577403793,9.361673437
10/1/23,63.8,28.19944212,10.4592012,7.272900145,1.717077546,13.53329633,14.35176143,12.42491361,24.04884145,3.876411623,8.063702302,7.182806549,5.848238668,9.611742557
11/1/23,61.3,29.76854599,10.3929512,7.621500536,2.064637756,13.53210822,15.01163556,11.63701104,17.81684447,3.199910804,7.304956532,6.766112904,6.023458231,8.296954187
12/1/23,69.7,26.78328612,10.33278097,7.909329701,1.655304725,12.961311,12.84359722,10.6449334,15.13593655,1.979355161,6.031084862,7.049978098,6.222159,6.613101049
1/1/24,79,23.28720238,9.865266692,8.483264788,0.148166296,11.3774289,-1.629043763,7.701021982,17.8442626,0.583086495,5.44876711,5.266078696,6.138376538,5.059256164
2/1/24,76.9,24.60828025,9.305432193,8.605696844,0.002030722,10.87293146,-3.88809237,9.82974843,24.91657962,0.344826064,5.620476546,6.949478358,6.137328781,4.227435711
3/1/24,79.4,22.45117845,8.694487729,8.878482537,0.900703241,11.40716264,-23.06389451,7.183921375,13.84156835,0.79626372,5.935578812,6.828676156,6.266684671,2.493865081
4/1/24,77.2,19.51993865,7.683953111,8.86508301,1.718978836,11.50826739,-20.67382739,6.134199922,2.992857672,1.057094355,5.253464624,8.020082617,6.088391854,1.032382348
5/1/24,69.1,18.95034247,6.656950489,8.682540472,1.368345307,11.3357486,-24.88154089,4.026713558,-9.210340215,1.082160624,4.567034032,8.451707032,5.910845438,0.027767518
6/1/24,68.2,15.632,5.79627486,8.426881516,1.350761168,10.59556623,-39.37355776,1.064299696,-18.55666901,0.778377736,4.076248625,9.024260197,5.578062184,-1.149963604
7/1/24,66.4,17.15145631,4.783377661,8.265924275,1.5005075,10.59526472,-27.29412879,2.27281888,-15.01599027,0.712115237,3.573698919,8.082111302,5.533779228,-2.013811124
8/1/24,67.9,16.35738832,4.18913398,7.994684582,0.516457171,9.600402111,-10.27061223,1.456426262,-17.1861036,0.140218548,3.041094746,8.669629664,5.376030606,-3.727253435
9/1/24,70.1,17.43686007,3.753605024,7.461145858,0.311178223,8.960143842,2.701027335,1.600702911,-19.34369668,0.335273692,2.620523746,10.13051018,5.013092657,-4.461929121
10/1/24,70.5,16.32220367,3.134437539,7.279121884,1.032970612,8.887755575,-0.041427927,3.038490695,-16.68409004,0.203947518,2.15664972,9.443848385,5.031565689,-3.423135384
11/1/24,71.8,17.56613757,2.963276466,6.972395932,1.661114082,9.295499022,-1.885847797,2.901585494,-13.8748532,0.56707562,1.870640265,9.982761945,4.949407195,-1.920512345
12/1/24,74,17.14715719,2.734865918,6.626223597,0.954101876,9.224879,3.945513856,2.448583937,-13.70457651,0.397111509,1.361500633,10.78866391,4.909790229,-1.397484061
1/1/25,71.7,11.67334361,2.384597386,6.335108049,-0.562567753,7.7771261,-4.791993695,0.896325473,-20.46501681,-0.262782623,0.600580622,8.113901487,4.565875635,-0.538917208
2/1/25,64.7,11.32585949,2.287262332,6.141453721,-1.098390923,7.279667371,-7.819124966,3.272798842,-9.165302169,-0.532867911,0.467981185,6.365533104,4.534244503,1.660983926
3/1/25,57,13.69354839,2.369829974,6.052022436,-0.300791613,7.469649618,-4.821982742,3.750251922,-0.741039795,-0.507595032,0.149735567,5.230960738,4.614493742,2.402148848
4/1/25,52.2,14.08006279,2.162755511,6.046766476,0.498931999,7.732882015,-3.899980124,4.715180136,1.724439244,-0.866134069,-0.384310594,4.56364734,4.843358161,3.601603986
5/1/25,52.2,15.96779661,2.117536424,5.866916763,0.560395872,7.521578298,2.699807852,4.62185944,0.093463292,-1.263748171,-0.640359883,4.118129248,4.842596403,4.152088946
6/1/25,60.7,13.95638629,2.157917334,5.749383463,0.5058463,7.446938932,1.528924282,1.96516768,1.014117309,-1.383213543,-0.960329324,6.622228905,4.80117988,4.639149267
7/1/25,61.7,11.86573427,2.093290283,5.508646322,0.616137944,7.432725358,-3.1014667,4.081478664,1.549573016,-1.129025035,-1.008844501,5.922780696,4.61162718,5.326857654
8/1/25,58.2,10.82708934,2.047709315,5.614087063,-0.468994404,6.941079673,-8.404949323,3.757800931,0.758627822,-1.422024682,-1.101595558,5.024180399,4.498368169,4.564912993
9/1/25,55.1,10.33480826,2.06927473,5.428834789,-0.382573939,6.909137334,-11.73487937,2.635640158,1.179878194,-1.008391956,-1.325826697,5.167176634,4.338612646,4.525538713
10/1/25,53.6,11.95924765,2.051217047,5.280510813,0.711273596,7.326826623,-10.88605562,4.417459244,0.898480298,-0.549438227,-1.205931914,2.643134982,4.337045957,5.062737704
11/1/25,51,14.05057096,2.127659574,5.275979505,1.309053471,7.925491635,-5.088798033,4.343107145,-1.68681904,-0.120271063,-0.93005255,1.156687185,4.280912359,5.131104584
12/1/25,52.9,12.54949785,2.345588859,5.200132339,0.960683244,7.981302765,-2.154167749,2.365772471,1.975331575,-0.079701293,-0.48423355,1.154996101,4.200163269,4.848792859
1/1/26,56.4,9.098734177,2.28262385,4.838680121,-0.150896458,6.552764448,-1.701405828,0.00072463,2.786070011,-0.492079398,-0.632634988,2.520787256,3.715807874,3.536077598
2/1/26,,9.55136541,2.492217861,4.730140034,-0.893477941,6.381785809,-3.93635133,1.911489427,3.581611092,-0.468634905,-0.352333607,5.021501523,3.720060944,4.019910728